0,0
0.02,0
0.3533334,0
0.4120654,0
0.4428619,0
0.4555163,0
0.4728768,0
0.4906105,0
0.5077428,0
0.5233067,0
0.539256,0
0.5554525,0
0.5718275,0
0.5884997,0
0.6054609,0
0.6221195,0
0.6381043,0
0.6547064,0
0.671432,0
0.6881365,0
0.7049218,0
0.7214351,0
0.7395821,0
0.7548143,0
0.7716634,0
0.7884964,0
0.805096,0
0.8214191,0
0.8388534,0
0.8552852,0
0.87204,0
0.8886425,0
0.9053738,0
0.921275,0
0.9382854,0
0.956338,0
0.9715667,0
0.9881164,0
1.004751,0
1.021285,0
1.038276,0
1.054834,0
1.071374,0
1.087934,0
1.10448,0
1.120869,0
1.137602,0
1.153872,0
1.171599,0
1.187447,0
1.203741,0
1.220458,0
1.236842,0
1.253479,0
1.270346,0
1.286908,0
1.30336,0
1.320032,0
1.336775,0
1.353189,0
1.370249,0
1.387947,0
1.403085,0
1.419739,0
1.437443,0
1.453359,0
1.469464,0
1.48579,0
1.50271,0
1.519111,0
1.535728,0
1.552292,0
1.568823,0
1.585482,0
1.603193,0
1.618618,0
1.635171,0
1.651808,0
1.668567,0
1.685125,0
1.701877,0
1.718609,0
1.735339,0
1.751699,0
1.76892,0
1.785098,0
1.80194,0
1.819727,0
1.835435,0
1.851799,0
1.868736,0
1.885581,0
1.902956,0
1.918299,0
1.935153,0
1.951922,0
1.968464,0
1.985124,0
2.001817,0
2.018419,0
2.036214,0
2.051568,0
2.0683,0
2.08472,0
2.101681,0
2.118022,0
2.134439,0
2.151037,0
2.167789,0
2.184153,0
2.201184,0
2.217166,0
2.233851,0
2.251405,0
2.267206,0
2.283359,0
2.299936,0
2.316407,0
2.332798,0
2.349125,0
2.366205,0
2.38242,0
2.399078,0
2.415206,0
2.43191,0
2.448182,0
2.46552,0
2.481191,0
2.498099,0
2.51406,0
2.5306,0
2.547108,0
2.563529,0
2.57988,0
2.596669,0
2.613613,0
2.630512,0
2.647271,0
2.664159,0
2.68279,0
2.699075,0
2.714602,0
2.731856,0
2.748575,0
2.765847,0
2.782216,0
2.798888,0
2.81543,0
2.831867,0
2.848326,0
2.864967,0
2.882304,0
2.897593,0
2.9139,0
2.930569,0
2.946653,0
2.980776,0
2.997827,0
3.014266,0
3.032109,0
3.048434,0
3.06537,0
3.093875,0
3.115448,0
3.132601,0
3.148664,0
3.165218,0
3.182045,0
3.198868,0
3.215597,0
3.231877,0
3.248243,0
3.264582,0
3.280951,0
3.298826,0
3.314091,0
3.330704,0
3.347292,0
3.364684,0
3.381029,0
3.398356,0
3.415001,0
3.432404,0
3.448807,0
3.465842,0
3.482551,0
3.500359,0
3.516319,0
3.532945,0
3.549697,0
3.566067,0
3.582494,0
3.599134,0
3.615448,0
3.632058,0
3.648553,0
3.665006,0
3.681333,0
3.698324,0
3.715932,0
3.730793,0
3.747151,0
3.763709,0
3.779926,0
3.796642,0
3.81284,0
3.82936,0
3.846277,0
3.863306,0
3.879972,0
3.897707,0
3.913784,0
3.932012,0
3.947474,0
3.964628,0
3.981442,0
3.998954,0
4.015261,0
4.032103,0
4.048144,0
4.065261,0
4.08131,0
4.097728,0
4.114022,0
4.131644,0
4.146876,0
4.163702,0
4.179743,0
4.197209,0
4.213079,0
4.23029,0
4.247032,0
4.264245,0
4.280888,0
4.297835,0
4.314574,0
4.33263,0
4.348506,0
4.365344,0
4.381866,0
4.398574,0
4.414809,0
4.431982,0
4.448498,0
4.464444,0
4.480714,0
4.497233,0
4.51399,0
4.530152,0
4.548083,0
4.563164,0
4.5795,0
4.596461,0
4.613131,0
4.630247,0
4.647077,0
4.664312,0
4.681034,0
4.698884,0
4.714669,0
4.732398,0
4.749795,0
4.76494,0
4.781381,0
4.798123,0
4.814341,0
4.830956,0
4.847314,0
4.863739,0
4.880002,0
4.896922,0
4.913189,0
4.929913,0
4.946682,0
4.965125,0
4.980365,0
4.997681,0
5.014162,0
5.031796,0
5.048036,0
5.065019,0
5.082051,0
5.099054,0
5.116004,0
5.132613,0
5.148862,0
5.167055,0
5.18184,0
5.198857,0
5.214925,0
5.231421,0
5.26463,0
5.281235,0
5.297855,0
5.314052,0
5.330742,0
5.347155,0
5.363727,0
5.381455,0
5.397558,0
5.413749,0
5.431294,0
5.447968,0
5.465188,0
5.481621,0
5.498374,0
5.515217,0
5.53223,0
5.549167,0
5.566172,0
5.583592,0
5.598964,0
5.615509,0
5.631987,0
5.648351,0
5.664975,0
5.681152,0
5.698424,0
5.714505,0
5.731606,0
5.747158,0
5.764627,0
5.781488,0
5.799456,0
5.814669,0
5.831866,0
5.848613,0
5.865816,0
5.882228,0
5.899488,0
5.915831,0
5.932503,0
5.948739,0
5.965481,0
5.982081,0
5.999402,0
6.014412,0
6.031365,0
6.047401,0
6.06444,0
6.080213,0
6.097049,0
6.113382,0
6.13028,0
6.147017,0
6.164842,0
6.180756,0
6.197987,0
6.215959,0
6.231701,0
6.248569,0
6.265436,0
6.282351,0
6.299662,0
6.315733,0
6.332251,0
6.348673,0
6.36516,0
6.381726,0
6.398268,0
6.415684,0
6.431105,0
6.447336,0
6.463863,0
6.480338,0
6.496902,0
6.513056,0
6.530398,0
6.5471,0
6.564596,0
6.58078,0
6.597907,0
6.614786,0
6.633188,0
6.648253,0
6.665201,0
6.68213,0
6.699457,0
6.715281,0
6.73195,0
6.748456,0
6.76502,0
6.781686,0
6.798997,0
6.814667,0
6.83119,0
6.849005,0
6.864377,0
6.88031,0
6.897444,0
6.913535,0
6.930044,0
6.946509,0
6.963742,0
6.980357,0
6.99733,0
7.014303,0
7.031342,0
7.049201,0
7.065277,0
7.081897,0
7.098375,0
7.114821,0
7.131591,0
7.147851,0
7.16425,0
7.180435,0
7.197282,0
7.213741,0
7.230193,0
7.24658,0
7.264305,0
7.279551,0
2
True
7.301394,0
7.313992,0
7.330257,0
7.34694,0
7.364206,0
7.380551,0
7.3976,0
7.414464,0
7.43203,0
7.449066,0
7.468625,0
7.480478,0
7.497538,0
7.513549,0
7.530129,0
7.546494,0
7.56302,0
7.579184,0
7.596262,0
7.613019,0
7.629922,0
7.646793,0
7.663648,0
7.681558,0
7.69811,0
7.713943,0
7.731058,0
7.748165,0
7.765093,0
7.781734,0
7.79816,0
7.814425,0
7.831436,0
7.847747,0
7.864151,0
7.881903,0
7.897486,0
7.913273,0
7.930038,0
7.946418,0
7.963738,0
7.979415,0
7.996501,0
8.013243,0
8.03003,0
8.046614,0
8.063668,0
8.080419,0
8.099035,0
8.113848,0
8.130441,0
8.147029,0
8.163595,0
8.179808,0
8.19631,0
8.212457,0
8.230272,0
8.245575,0
8.262195,0
8.278499,0
8.295341,0
8.312361,0
8.328876,0
8.345041,0
8.362782,0
8.378824,0
8.396344,0
8.413244,0
8.430167,0
8.446438,0
8.46343,0
8.480248,0
8.497436,0
8.515519,0
8.531018,0
8.547423,0
8.563997,0
8.580375,0
8.597051,0
8.613181,0
8.630121,0
8.646374,0
8.66331,0
8.679115,0
8.696368,0
8.712724,0
8.730429,0
8.744953,0
8.762704,0
8.778657,0
8.795977,0
8.812466,0
8.830045,0
8.846166,0
8.863439,0
8.880066,0
8.897019,0
8.913848,0
8.93222,0
8.947715,0
8.964205,0
8.980382,0
8.997511,0
9.026028,0
9.046856,0
9.063286,0
9.079251,0
9.096336,0
9.112145,0
9.129824,0
9.146715,0
9.162103,0
9.178675,0
9.196288,0
9.212652,0
9.229952,0
9.24599,0
9.263312,0
9.280185,0
9.296935,0
9.313766,0
9.331095,0
9.34959,0
9.364285,0
9.380722,0
9.397285,0
9.413909,0
9.430302,0
9.446404,0
9.463071,0
9.479639,0
9.496414,0
9.51236,0
9.529737,0
9.545618,0
9.564158,0
9.579728,0
9.596932,0
9.61337,0
9.630503,0
9.64732,0
9.664484,0
9.681495,0
9.698124,0
9.714031,0
9.730547,0
9.74679,0
9.764779,0
9.779596,0
9.795974,0
9.812845,0
9.82944,0
9.845428,0
9.862391,0
9.878379,0
9.895405,0
9.911304,0
9.928876,0
9.945111,0
9.962437,0
9.980071,0
9.996388,0
10.01299,0
10.0296,0
10.0471,0
10.06374,0
10.0804,0
10.09741,0
10.11397,0
10.13072,0
10.14683,0
10.16377,0
10.18113,0
10.19662,0
10.21266,0
10.22947,0
10.24578,0
10.26263,0
10.27859,0
10.29612,0
10.31273,0
10.32986,0
10.34642,0
10.36372,0
10.37987,0
10.39849,0
10.41465,0
10.43052,0
10.44713,0
10.46374,0
10.47986,0
10.49647,0
10.51276,0
10.52955,0
10.54589,0
10.56224,0
10.57851,0
10.59549,0
10.61253,0
10.62866,0
10.64514,0
10.6624,0
10.67903,0
10.71285,0
10.7302,0
10.74694,0
10.76393,0
10.7804,0
10.798,0
10.81513,-0.002
10.83063,-0.004000094
10.84707,-0.006000187
10.86435,-0.008000281
10.88004,-0.01000037
10.89698,-0.01000037
10.9135,-0.01200047
10.93035,-0.01400056
10.94683,-0.01600065
10.96398,-0.01800075
10.98006,-0.02000084
10.99706,-0.02000084
11.01349,-0.02200093
11.03162,-0.02400103
11.04679,-0.02600112
11.064,-0.02800122
11.08052,-0.03000131
11.09719,-0.03000131
11.1145,-0.0320014
11.13053,-0.03400149
11.14677,-0.03600159
11.16384,-0.03800168
11.1804,-0.04000177
11.19705,-0.04000177
11.21343,-0.04200187
11.23059,-0.04400196
11.2479,-0.04600205
11.26337,-0.04800215
11.2797,-0.04800215
11.29624,-0.05000224
11.31255,-0.05200233
11.32929,-0.05400243
11.34539,-0.05600252
11.36237,-0.05800261
11.37843,-0.05800261
11.39551,-0.06000271
11.41136,-0.0620028
11.42812,-0.0640029
11.44431,-0.06600299
11.46268,-0.06800309
11.4769,-0.06800309
11.49462,-0.07000318
11.51017,-0.07200328
11.52734,-0.07400337
11.544,-0.07600346
11.56145,-0.07800356
11.57783,-0.07800356
11.59511,-0.08000365
11.6116,-0.08200374
11.62878,-0.08400384
11.64534,-0.08600393
11.66446,-0.08800402
11.67943,-0.08800402
11.69762,-0.09000412
11.71248,-0.09200421
11.72966,-0.0940043
11.74543,-0.0960044
11.76279,-0.09800449
11.77828,-0.09800449
11.79512,-0.1000046
11.81142,-0.1020047
11.82854,-0.1040048
11.8447,-0.1060049
11.86116,-0.108005
11.87906,-0.108005
11.89404,-0.1100051
11.91014,-0.1120051
11.92709,-0.1140052
11.94356,-0.1160053
11.96102,-0.1180054
11.97756,-0.1180054
11.99463,-0.1200055
12.01111,-0.1220056
12.02835,-0.1240057
12.0448,-0.1260058
12.07858,-0.1280059
12.09758,-0.130006
12.1122,-0.1320061
12.13035,-0.1340062
12.14618,-0.1360063
12.16306,-0.1380064
12.17952,-0.1380064
12.19652,-0.1400065
12.21328,-0.1420065
12.23061,-0.1440066
12.24709,-0.1460067
12.26428,-0.1480068
12.28114,-0.1500069
12.29943,-0.1500069
12.3146,-0.152007
12.33116,-0.1540071
12.34748,-0.1560072
12.36404,-0.1580073
12.38049,-0.1600074
12.397,-0.1600074
12.41325,-0.1620075
12.43017,-0.1640076
12.44672,-0.1660077
12.46254,-0.1680078
12.47896,-0.1680078
12.49648,-0.1700079
12.51442,-0.1720079
12.53008,-0.174008
12.54658,-0.1760081
12.56358,-0.1780082
12.58033,-0.1800083
12.59737,-0.1800083
12.61395,-0.1820084
12.6314,-0.1840085
12.64805,-0.1860086
12.66446,-0.1880087
12.68095,-0.1900088
12.69891,-0.1900088
12.71526,-0.1920089
12.73049,-0.194009
12.74701,-0.1960091
12.76435,-0.1980092
12.78015,-0.2000093
12.79719,-0.2000093
12.8132,-0.2020092
12.82983,-0.2040092
12.84602,-0.2060092
12.86338,-0.2080092
12.87983,-0.2080092
12.89683,-0.2100091
12.91357,-0.2120091
12.93212,-0.2140091
12.94736,-0.2160091
12.96442,-0.217009
12.98115,-0.2180091
12.99827,-0.2180091
13.01513,-0.2190091
13.0321,-0.2200092
13.04893,-0.2210092
13.06565,-0.2220093
13.08173,-0.2230093
13.09834,-0.2230093
13.11505,-0.2240093
13.13273,-0.2250094
13.14758,-0.2260094
13.1645,-0.2270095
13.18044,-0.2280095
13.19745,-0.2280095
13.21332,-0.2290096
13.22993,-0.2300096
13.24646,-0.2310097
13.26416,-0.2320097
13.28022,-0.2330098
13.29746,-0.2330098
13.31421,-0.2340098
13.33122,-0.2350099
13.34927,-0.2360099
13.36496,-0.23701
13.3818,-0.23801
13.39889,-0.23801
13.41525,-0.2390101
13.44788,-0.2410101
13.46519,-0.2420102
13.48123,-0.2430102
13.49765,-0.2430102
13.51421,-0.2440103
13.53051,-0.2450103
13.54686,-0.2460104
13.56485,-0.2470104
13.58019,-0.2480105
13.59723,-0.2480105
13.61401,-0.2490105
13.63122,-0.2500106
13.64775,-0.2510105
13.66481,-0.2520104
13.68141,-0.2530103
13.69899,-0.2530103
13.71529,-0.2540103
13.73236,-0.2550102
13.74882,-0.2560101
13.76653,-0.25701
13.78153,-0.25801
13.79803,-0.25801
13.81473,-0.2590099
13.83137,-0.2600098
13.84747,-0.2610098
13.86485,-0.2620097
13.88137,-0.2630096
13.89835,-0.2630096
13.91472,-0.2640095
13.93161,-0.2650095
13.9482,-0.2660094
13.96449,-0.2670093
13.98221,-0.2680092
13.99752,-0.2680092
14.01366,-0.2690092
14.03089,-0.2700091
14.04688,-0.271009
14.0639,-0.272009
14.08,-0.272009
14.09675,-0.2730089
14.11316,-0.2740088
14.12967,-0.2750087
14.1459,-0.2760087
14.16289,-0.2770086
14.17916,-0.2770086
14.19716,-0.2780085
14.21202,-0.2790084
14.2288,-0.2800084
14.24501,-0.2810083
14.26223,-0.2820082
14.27808,-0.2820082
14.29536,-0.2830082
14.31109,-0.2840081
14.32783,-0.285008
14.34408,-0.2860079
14.36106,-0.2870079
14.37701,-0.2870079
14.39402,-0.2880078
14.41125,-0.2890077
14.42651,-0.2900077
14.44255,-0.2910076
14.4594,-0.2910076
14.47556,-0.2920075
14.49283,-0.2930074
14.50932,-0.2940074
14.52672,-0.2950073
14.54301,-0.2960072
14.56055,-0.2970071
14.57693,-0.2970071
14.594,-0.2980071
14.61212,-0.299007
14.62815,-0.3000069
14.64412,-0.3010069
14.66076,-0.3020068
14.67704,-0.3020068
14.69443,-0.3030067
14.71076,-0.3040066
14.7275,-0.3050066
14.74335,-0.3060065
14.76026,-0.3070064
14.81042,-0.3070064
14.82875,-0.3070064
14.84395,-0.3070064
14.86096,-0.3070064
14.87718,-0.3070064
14.89502,-0.3070064
14.90987,-0.3070064
14.92713,-0.3070064
14.94315,-0.3070064
14.95958,-0.3070064
14.98689,-0.3070064
15.00888,-0.3070064
15.02589,-0.3070064
15.04389,-0.3070064
15.05969,-0.3070064
15.07685,-0.3070064
15.09317,-0.3070064
15.10995,-0.3070064
15.12711,-0.3070064
15.14343,-0.3070064
15.16118,-0.3070064
15.17741,-0.3070064
15.19475,-0.3070064
15.21068,-0.3070064
15.22732,-0.3070064
15.24513,-0.3070064
15.26095,-0.3070064
15.27671,-0.3070064
15.29373,-0.3070064
15.30945,-0.3070064
15.32615,-0.3070064
15.34247,-0.3070064
15.35886,-0.3070064
15.37593,-0.3070064
15.3929,-0.3070064
15.40978,-0.3070064
15.42673,-0.3070064
15.44337,-0.3070064
15.46183,-0.3070064
15.47711,-0.3070064
15.49439,-0.3070064
15.51071,-0.3070064
15.52837,-0.3070064
15.54444,-0.3070064
15.56131,-0.3070064
15.57717,-0.3070064
15.59439,-0.3070064
15.61003,-0.3070064
15.62695,-0.3070064
15.64366,-0.3070064
15.66256,-0.3070064
15.67687,-0.3070064
15.69346,-0.3070064
15.70972,-0.3070064
15.72633,-0.3070064
15.74318,-0.3070064
15.75956,-0.3070064
15.77599,-0.3070064
15.79307,-0.3070064
15.80981,-0.3070064
15.82708,-0.3070064
15.84359,-0.3070064
15.8607,-0.3070064
15.87871,-0.3070064
15.89493,-0.3070064
15.91054,-0.3070064
15.92771,-0.3070064
15.94372,-0.3070064
15.9606,-0.3070064
15.97681,-0.3070064
15.99362,-0.3070064
16.01004,-0.3070064
16.02618,-0.3070064
16.04251,-0.3070064
16.05894,-0.3070064
16.07591,-0.3070064
16.09424,-0.3070064
16.10967,-0.3070064
16.12653,-0.3070064
16.14336,-0.3070064
16.16062,-0.3070064
16.17706,-0.3070064
16.19439,-0.3070064
16.21081,-0.3070064
16.22818,-0.3070064
16.24419,-0.3070064
16.26124,-0.3070064
16.27734,-0.3070064
16.29616,-0.3070064
16.31009,-0.3070064
16.32673,-0.3070064
16.34365,-0.3070064
16.36051,-0.3070064
16.37624,-0.3070064
16.39283,-0.3070064
16.40913,-0.3070064
16.42618,-0.3070064
16.44286,-0.3070064
16.46036,-0.3070064
16.47685,-0.3070064
16.49378,-0.3070064
16.51177,-0.3070064
16.52808,-0.3070064
16.54431,-0.3070064
16.56123,-0.3070064
16.57763,-0.3070064
16.59436,-0.3070064
16.61047,-0.3070064
16.62764,-0.3070064
16.64349,-0.3070064
16.66018,-0.3070064
16.67618,-0.3070064
16.69268,-0.3070064
16.70877,-0.3070064
16.72751,-0.3070064
16.74288,-0.3070064
16.7605,-0.3070064
16.77691,-0.3070064
16.79412,-0.3070064
16.81057,-0.3070064
16.82803,-0.3070064
16.84443,-0.3070064
16.86148,-0.3070064
16.87728,-0.3070064
16.89405,-0.3070064
16.91017,-0.3070064
16.92847,-0.3070064
16.94277,-0.3070064
16.95962,-0.3070064
16.97592,-0.3070064
16.99275,-0.3070064
17.00875,-0.3070064
17.02547,-0.3070064
17.04159,-0.3070064
17.05853,-0.3070064
17.07515,-0.3070064
17.09191,-0.3070064
17.10876,-0.3070064
17.12605,-0.3070064
17.14381,-0.3070064
17.15996,-0.3070064
17.17631,-0.3070064
17.19355,-0.3070064
17.20986,-0.3070064
17.22737,-0.3070064
17.24402,-0.3070064
17.2611,-0.3070064
17.27762,-0.3070064
17.29543,-0.3070064
17.31138,-0.3070064
17.32878,-0.3070064
17.34589,-0.3070064
17.36169,-0.3070064
17.37746,-0.3070064
17.39434,-0.3070064
17.41048,-0.3070064
17.42738,-0.3070064
17.44318,-0.3070064
17.4602,-0.3070064
17.4761,-0.3070064
17.49292,-0.3070064
17.50918,-0.3070064
17.52598,-0.3070064
17.54185,-0.3070064
17.56027,-0.3070064
17.57532,-0.3070064
17.59281,-0.3070064
17.60946,-0.3070064
17.62653,-0.3070064
17.64297,-0.3070064
17.6606,-0.3070064
17.67711,-0.3070064
17.6949,-0.3070064
17.71025,-0.3070064
17.72766,-0.3070064
17.74413,-0.3070064
17.76283,-0.3070064
17.77783,-0.3070064
17.79478,-0.3070064
17.81095,-0.3070064
17.82805,-0.3070064
17.84367,-0.3070064
17.86049,-0.3070064
17.87655,-0.3070064
17.89349,-0.3070064
17.90959,-0.3070064
17.92625,-0.3070064
17.94253,-0.3070064
17.95979,-0.3070064
17.97795,-0.3070064
17.99368,-0.3070064
18.01004,-0.3070064
18.02742,-0.3070064
18.04366,-0.3070064
18.06105,-0.3070064
18.07754,-0.3070064
18.09491,-0.3070064
18.11134,-0.3070064
18.12902,-0.3070064
18.14476,-0.3070064
18.16225,-0.3070064
18.17951,-0.3070064
18.19488,-0.3070064
18.21081,-0.3070064
18.22773,-0.3070064
18.24361,-0.3070064
18.26036,-0.3070064
18.27698,-0.3070064
18.29368,-0.3070064
18.30968,-0.3070064
18.3271,-0.3070064
18.34367,-0.3070064
18.36127,-0.3070064
18.37749,-0.3070064
18.3961,-0.3070064
18.41096,-0.3070064
18.42848,-0.3070064
18.44454,-0.3070064
18.46138,-0.3070064
18.47761,-0.3070064
18.49523,-0.3070064
18.51028,-0.3070064
18.52712,-0.3070064
18.54343,-0.3070064
18.55977,-0.3070064
18.57621,-0.3070064
18.59315,-0.3070064
18.61149,-0.3070064
18.62757,-0.3070064
18.64371,-0.3070064
18.66116,-0.3070064
18.67779,-0.3070064
18.69551,-0.3070064
18.71164,-0.3070064
18.72892,-0.3070064
18.7452,-0.3070064
18.76248,-0.3070064
18.77809,-0.3070064
18.7949,-0.3070064
18.81228,-0.3070064
18.82764,-0.3070064
18.84366,-0.3070064
18.86082,-0.3070064
18.87683,-0.3070064
18.89383,-0.3070064
18.90946,-0.3070064
18.92637,-0.3070064
18.94259,-0.3070064
18.95909,-0.3070064
18.97589,-0.3070064
18.99208,-0.3070064
19.00957,-0.3070064
19.02715,-0.3070064
19.04269,-0.3070064
19.05943,-0.3070064
19.07637,-0.3070064
19.09365,-0.3070064
19.11015,-0.3070064
19.12777,-0.3070064
19.14393,-0.3070064
19.16126,-0.3070064
19.17735,-0.3070064
19.19452,-0.3070064
19.2103,-0.3070064
19.22837,-0.3070064
19.24331,-0.3070064
19.2603,-0.3070064
19.27594,-0.3070064
19.29268,-0.3070064
19.30931,-0.3070064
19.32592,-0.3070064
19.3417,-0.3070064
19.35965,-0.3070064
19.37592,-0.3070064
19.39293,-0.3070064
19.4093,-0.3070064
19.4269,-0.3070064
19.44453,-0.3070064
19.46026,-0.3070064
19.47704,-0.3070064
19.49478,-0.3070064
19.51033,-0.3070064
19.52732,-0.3070064
19.5435,-0.3070064
19.56027,-0.3070064
19.57638,-0.3070064
19.59326,-0.3070064
19.60938,-0.3070064
19.62643,-0.3070064
19.64228,-0.3070064
19.6614,-0.3070064
19.67558,-0.3070064
19.6929,-0.3070064
19.70981,-0.3070064
19.72659,-0.3070064
19.74311,-0.3070064
19.76054,-0.3070064
19.77694,-0.3070064
19.79436,-0.3070064
19.81037,-0.3070064
19.82694,-0.3070064
19.84355,-0.3070064
19.86282,-0.3070064
19.8767,-0.3070064
19.89445,-0.3070064
19.91029,-0.3070064
19.92723,-0.3070064
19.94317,-0.3070064
19.95983,-0.3070064
19.97641,-0.3070064
19.99287,-0.3070064
20.00882,-0.3070064
20.02545,-0.3070064
20.04215,-0.3070064
20.05935,-0.3070064
20.07749,-0.3070064
20.09267,-0.3070064
20.10967,-0.3070064
20.12712,-0.3070064
20.14436,-0.3070064
0
False
20.16186,0
20.17848,0
20.19383,0
20.20997,0
20.22642,0
20.24294,0
20.26081,0
20.27774,0
20.29335,0
20.30984,0
20.32764,0
20.3426,0
20.35963,0
20.37596,0
20.39281,0
20.40924,0
20.42625,0
20.44246,0
20.45992,0
20.47596,0
20.4943,0
20.50914,0
20.52733,0
20.54244,0
20.55955,0
20.57596,0
20.5929,0
20.60934,0
20.62642,0
20.6427,0
20.65986,0
20.67592,0
20.69315,0
20.71079,0
20.72611,0
20.74261,0
20.76013,0
20.77613,0
20.79324,0
20.80941,0
20.82634,0
20.84265,0
20.85978,0
20.87636,0
20.89394,0
20.91134,0
20.92691,0
20.94373,0
20.96093,0
20.97696,0
20.99439,0
21.01073,0
21.02855,0
21.04436,0
21.06205,0
21.07813,0
21.09559,0
21.11336,0
21.12901,0
21.14578,0
21.16339,0
21.17934,0
21.19668,0
21.21339,0
21.23037,0
21.24718,0
21.26379,0
21.2798,0
21.29664,0
21.31378,0
21.32959,0
21.34529,0
21.36241,0
21.37837,0
21.39528,0
21.41169,0
21.42925,0
21.44558,0
21.46282,0
21.47931,0
21.49654,0
21.513,0
21.53139,0
21.54696,0
21.5638,0
21.58016,0
21.59699,0
21.61327,0
21.62983,0
21.64621,0
21.66323,0
21.67908,0
21.69615,0
21.71184,0
21.72869,0
21.74664,0
21.76247,0
21.77939,0
21.79583,0
21.81209,0
21.82913,0
21.84556,0
21.86233,0
21.87899,0
21.89584,0
21.91227,0
21.92968,0
21.94725,0
21.96329,0
21.97921,0
21.99619,0
22.01244,0
22.02939,0
22.04551,0
22.06275,0
22.07883,0
22.09581,0
22.11226,0
22.12935,0
22.14554,0
22.16406,0
22.17947,0
22.19585,0
22.21227,0
22.22925,0
22.2457,0
22.26254,0
22.27911,0
22.29608,0
22.31231,0
22.32973,0
22.34582,0
22.36444,0
22.37902,0
22.39593,0
22.41251,0
22.42967,0
22.44562,0
22.46309,0
22.47916,0
22.49617,0
22.51253,0
22.52954,0
22.54593,0
22.56423,0
22.57919,0
22.59634,0
22.61267,0
22.62966,0
22.64591,0
22.6637,0
22.67923,0
22.69767,0
22.7129,0
22.72991,0
22.74615,0
22.76451,0
22.77944,0
22.79697,0
22.81323,0
22.8305,0
22.84617,0
22.86391,0
22.87972,0
22.89657,0
22.91293,0
22.92996,0
22.9465,0
22.99823,0
23.01311,0
23.03024,0
23.04655,0
23.06354,0
23.08009,0
23.0971,0
23.11338,0
23.13064,0
23.14663,0
23.16497,0
23.18002,0
23.19749,0
23.2134,0
23.23046,0
23.24751,0
23.26415,0
23.28038,0
23.29738,0
23.31369,0
23.33069,0
23.3471,0
23.36541,0
23.38051,0
23.39744,0
23.41397,0
23.43065,0
23.44721,0
23.46431,0
23.48083,0
23.49783,0
23.51438,0
23.53114,0
23.54773,0
23.56599,0
23.58142,0
23.5979,0
23.61475,0
23.63132,0
23.64807,0
23.66475,0
23.68149,0
23.69861,0
23.71482,0
23.73179,0
23.74883,0
23.76649,0
23.78206,0
23.79869,0
23.81513,0
23.8323,0
23.84879,0
23.86586,0
23.88218,0
23.89918,0
23.91643,0
23.93267,0
23.94935,0
23.96799,0
23.98285,0
23.99958,0
24.01654,0
24.03315,0
24.05,0
24.06694,0
24.08364,0
24.1004,0
24.11741,0
24.13423,0
24.15073,0
24.16927,0
24.18451,0
24.2012,0
24.21814,0
24.23491,0
24.25161,0
24.26854,0
24.2853,0
24.30207,0
24.319,0
24.35256,0
24.37105,0
24.38667,0
24.40346,0
24.42075,0
24.43688,0
24.4536,0
24.47036,0
24.48733,0
24.50461,0
24.52197,0
24.53835,0
24.55499,0
24.57264,0
24.58786,0
24.60474,0
24.6209,0
24.63725,0
24.65367,0
24.6702,0
24.68671,0
24.70309,0
24.72025,0
24.73697,0
24.75355,0
24.77097,0
24.78884,0
24.80435,0
24.82148,0
24.83842,0
24.85517,0.002
24.87199,0.004000094
24.88787,0.006000187
24.90499,0.008000281
24.92118,0.01000037
24.93796,0.01000037
24.95426,0.01200047
24.97062,0.01400056
24.98728,0.01600065
25.00496,0.01800075
25.01999,0.01800075
25.03665,0.02000084
25.05297,0.02200093
25.06976,0.02400103
25.08662,0.02600112
25.10368,0.02800122
25.12112,0.03000131
25.13741,0.03000131
25.15422,0.0320014
25.1714,0.03400149
25.18823,0.03600159
25.20693,0.03800168
25.2214,0.04000177
25.23786,0.04000177
25.25405,0.04200187
25.27094,0.04400196
25.28752,0.04600205
25.30388,0.04800215
25.32061,0.05000224
25.33732,0.05000224
25.3531,0.05200233
25.3697,0.05400243
25.38648,0.05600252
25.40363,0.05800261
25.42155,0.06000271
25.43706,0.06000271
25.45407,0.0620028
25.47086,0.0640029
25.48785,0.06600299
25.50467,0.06800309
25.52147,0.07000318
25.53815,0.07000318
25.55442,0.07200328
25.57123,0.07400337
25.58754,0.07600346
25.60417,0.07800356
25.62183,0.08000365
25.63723,0.08000365
25.65318,0.08200374
25.66988,0.08400384
25.68613,0.08600393
25.72032,0.09000412
25.73747,0.09000412
25.75386,0.09200421
25.7709,0.0940043
25.78739,0.0960044
25.80434,0.09800449
25.82269,0.1000046
25.838,0.1000046
25.85485,0.1020047
25.87159,0.1040048
25.88754,0.1060049
25.90408,0.108005
25.92055,0.1100051
25.93719,0.1100051
25.95327,0.1120051
25.97049,0.1140052
25.98675,0.1160053
26.00375,0.1180054
26.02038,0.1200055
26.03928,0.1200055
26.05423,0.1220056
26.07175,0.1240057
26.08829,0.1260058
26.10537,0.1280059
26.12202,0.130006
26.13952,0.130006
26.15498,0.1320061
26.17184,0.1340062
26.18822,0.1360063
26.20444,0.1380064
26.22087,0.1400065
26.23911,0.1400065
26.2537,0.1420065
26.27032,0.1440066
26.28677,0.1460067
26.30325,0.1480068
26.3199,0.1480068
26.33597,0.1500069
26.35228,0.152007
26.36924,0.1540071
26.38614,0.1560072
26.40326,0.1580073
26.41993,0.1580073
26.43715,0.1600074
26.45527,0.1620075
26.47074,0.1640076
26.48762,0.1660077
26.50466,0.1680078
26.52234,0.1700079
26.53825,0.1700079
26.55467,0.1720079
26.57131,0.174008
26.58791,0.1760081
26.60434,0.1780082
26.62062,0.1800083
26.63737,0.1800083
26.65478,0.1820084
26.67006,0.1840085
26.68657,0.1860086
26.70318,0.1880087
26.71932,0.1880087
26.73632,0.1890088
26.75304,0.1900087
26.77024,0.1910086
26.80091,0.1930085
26.82083,0.1940084
26.83801,0.1940084
26.85619,0.1950084
26.87193,0.1960083
26.88805,0.1970082
26.90526,0.1980081
26.92178,0.1990081
26.93837,0.1990081
26.95466,0.200008
26.97106,0.2010079
26.9878,0.2020078
27.00418,0.2030078
27.02104,0.2040077
27.03717,0.2040077
27.08662,0.2070075
27.10464,0.2080074
27.12035,0.2090073
27.13694,0.2090073
27.15366,0.2100073
27.17024,0.2110072
27.18691,0.2120071
27.20403,0.213007
27.22067,0.214007
27.23765,0.214007
27.25452,0.2150069
27.27167,0.2160068
27.28828,0.2170068
27.30696,0.2180067
27.32162,0.2190066
27.33864,0.2190066
27.35483,0.2200065
27.3712,0.2210065
27.38773,0.2220064
27.40434,0.2230063
27.42033,0.2240063
27.43697,0.2240063
27.45355,0.2250062
27.4697,0.2260061
27.48589,0.227006
27.50373,0.228006
27.52098,0.2290059
27.53706,0.2290059
27.55411,0.2300058
27.5707,0.2310057
27.58748,0.2320057
27.60458,0.2330056
27.6216,0.2340055
27.63833,0.2340055
27.65528,0.2350055
27.67228,0.2360054
27.68887,0.2370053
27.70549,0.2380052
27.72421,0.2390052
27.73877,0.2390052
27.75539,0.2400051
27.77271,0.241005
27.78801,0.2410049
27.80449,0.2410049
27.82123,0.2410049
27.83809,0.2410049
27.85427,0.2410049
27.87087,0.2410049
27.88751,0.2410049
27.90399,0.2410049
27.92075,0.2410049
27.93909,0.2410049
27.95425,0.2410049
27.97113,0.2410049
27.98775,0.2410049
28.00471,0.2410049
28.0213,0.2410049
28.03819,0.2410049
28.05489,0.2410049
28.07182,0.2410049
28.08859,0.2410049
28.10537,0.2410049
28.12188,0.2410049
28.14038,0.2410049
28.15582,0.2410049
28.17255,0.2410049
28.18913,0.2410049
28.20578,0.2410049
28.22281,0.2410049
28.2393,0.2410049
28.2562,0.2410049
28.27316,0.2410049
28.28979,0.2410049
28.30672,0.2410049
28.32352,0.2410049
28.34202,0.2410049
28.35762,0.2410049
28.37416,0.2410049
28.39111,0.2410049
28.4422,0.2410049
28.45844,0.2410049
28.47519,0.2410049
28.49196,0.2410049
28.50828,0.2410049
28.52518,0.2410049
28.54375,0.2410049
28.55879,0.2410049
28.57595,0.2410049
28.59302,0.2410049
28.60962,0.2410049
28.62677,0.2410049
28.6433,0.2410049
28.66095,0.2410049
28.67707,0.2410049
28.69509,0.2410049
28.71055,0.2410049
28.72809,0.2410049
28.74519,0.2410049
28.76037,0.2410049
28.77661,0.2410049
28.79381,0.2410049
28.8099,0.2410049
28.82681,0.2410049
28.84267,0.2410049
28.86054,0.2410049
28.8764,0.2410049
28.89298,0.2410049
28.90881,0.2410049
28.9257,0.2410049
28.94281,0.2410049
28.96161,0.2410049
28.97659,0.2410049
28.99352,0.2410049
29.00982,0.2410049
29.02725,0.2410049
29.04354,0.2410049
29.06064,0.2410049
29.07731,0.2410049
29.09416,0.2410049
29.11019,0.2410049
29.12733,0.2410049
29.14352,0.2410049
29.16156,0.2410049
29.17629,0.2410049
29.19254,0.2410049
29.20907,0.2410049
29.22564,0.2410049
29.24202,0.2410049
29.25839,0.2410049
29.27478,0.2410049
29.2912,0.2410049
29.30804,0.2410049
29.32472,0.2410049
29.34159,0.2410049
29.35903,0.2410049
29.37683,0.2410049
29.39231,0.2410049
29.40905,0.2410049
29.42624,0.2410049
29.44283,0.2410049
29.45988,0.2410049
29.47656,0.2410049
29.49397,0.2410049
29.51013,0.2410049
29.52791,0.2410049
29.54415,0.2410049
29.5614,0.2410049
29.57907,0.2410049
29.59509,0.2410049
29.61162,0.2410049
29.62957,0.2410049
29.64497,0.2410049
29.6624,0.2410049
29.679,0.2410049
29.69637,0.2410049
29.71248,0.2410049
29.72976,0.2410049
29.74651,0.2410049
29.76338,0.2410049
29.78113,0.2410049
29.79692,0.2410049
29.81307,0.2410049
29.82994,0.2410049
29.84661,0.2410049
29.86339,0.2410049
29.88021,0.2410049
29.89684,0.2410049
29.9133,0.2410049
29.93046,0.2410049
29.94712,0.2410049
29.96355,0.2410049
29.98164,0.2410049
29.99651,0.2410049
30.01349,0.2410049
30.03057,0.2410049
30.04637,0.2410049
30.06348,0.2410049
30.07982,0.2410049
30.09648,0.2410049
30.11319,0.2410049
30.13008,0.2410049
30.14637,0.2410049
30.16346,0.2410049
30.17981,0.2410049
30.19804,0.2410049
30.21312,0.2410049
30.23004,0.2410049
30.24652,0.2410049
30.26348,0.2410049
30.27989,0.2410049
30.29702,0.2410049
30.31309,0.2410049
30.33013,0.2410049
30.34665,0.2410049
30.36336,0.2410049
30.37966,0.2410049
30.39624,0.2410049
30.41367,0.2410049
30.42921,0.2410049
30.4452,0.2410049
30.46199,0.2410049
30.47851,0.2410049
30.4957,0.2410049
30.51234,0.2410049
30.52953,0.2410049
30.54609,0.2410049
30.56324,0.2410049
30.58004,0.2410049
30.59711,0.2410049
30.61543,0.2410049
30.63055,0.2410049
30.64713,0.2410049
30.66346,0.2410049
30.67991,0.2410049
30.69671,0.2410049
30.71275,0.2410049
30.72981,0.2410049
30.7455,0.2410049
30.76226,0.2410049
30.77842,0.2410049
30.79591,0.2410049
30.81217,0.2410049
30.83057,0.2410049
30.84573,0.2410049
30.86304,0.2410049
30.87997,0.2410049
30.8967,0.2410049
30.91352,0.2410049
30.93091,0.2410049
30.94758,0.2410049
30.96449,0.2410049
30.98122,0.2410049
30.9977,0.2410049
31.01413,0.2410049
31.03193,0.2410049
31.04643,0.2410049
31.06358,0.2410049
31.07984,0.2410049
31.09643,0.2410049
31.11262,0.2410049
31.1295,0.2410049
31.17832,0.2410049
31.19538,0.2410049
31.21103,0.2410049
31.22805,0.2410049
31.24543,0.2410049
31.2621,0.2410049
31.27776,0.2410049
31.29532,0.2410049
31.3116,0.2410049
31.32937,0.2410049
31.34551,0.2410049
31.36259,0.2410049
31.37948,0.2410049
31.39655,0.2410049
31.41286,0.2410049
31.42982,0.2410049
31.44714,0.2410049
31.46261,0.2410049
31.47864,0.2410049
31.49566,0.2410049
31.51146,0.2410049
31.5286,0.2410049
31.54456,0.2410049
31.56156,0.2410049
31.57758,0.2410049
31.59487,0.2410049
31.61101,0.2410049
31.62819,0.2410049
31.6444,0.2410049
31.66327,0.2410049
31.6777,0.2410049
31.6957,0.2410049
31.71118,0.2410049
31.72816,0.2410049
31.74414,0.2410049
31.76172,0.2410049
31.77771,0.2410049
31.79552,0.2410049
31.81096,0.2410049
31.82845,0.2410049
31.84483,0.2410049
31.86372,0.2410049
31.87864,0.2410049
31.8961,0.2410049
31.91249,0.2410049
31.92969,0.2410049
31.94615,0.2410049
31.96333,0.2410049
31.98062,0.2410049
31.99724,0.2410049
32.01346,0.2410049
32.03056,0.2410049
32.04641,0.2410049
32.06556,0.2410049
32.07916,0.2410049
32.09593,0.2410049
32.1118,0.2410049
32.12886,0.2410049
32.14485,0.2410049
32.16164,0.2410049
32.17749,0.2410049
32.19536,0.2410049
32.21146,0.2410049
32.22895,0.2410049
32.24532,0.2410049
32.26325,0.2410049
32.28068,0.2410049
32.29667,0.2410049
32.31292,0.2410049
32.32973,0.2410049
32.3466,0.2410049
32.36366,0.2410049
32.37997,0.2410049
32.39647,0.2410049
32.41267,0.2410049
32.42961,0.2410049
32.44592,0.2410049
32.4625,0.2410049
32.47906,0.2410049
32.49703,0.2410049
32.51193,0.2410049
32.52849,0.2410049
32.54484,0.2410049
32.56207,0.2410049
32.57872,0.2410049
32.59611,0.2410049
32.61257,0.2410049
32.62978,0.2410049
32.64634,0.2410049
32.66344,0.2410049
32.68004,0.2410049
32.69978,0.2410049
32.7135,0.2410049
32.73033,0.2410049
32.74622,0.2410049
32.76298,0.2410049
32.77968,0.2410049
32.79634,0.2410049
32.82948,0.2410049
32.84536,0.2410049
32.86211,0.2410049
32.87844,0.2410049
32.89568,0.2410049
32.91284,0.2410049
32.92902,0.2410049
32.94521,0.2410049
32.96237,0.2410049
32.97906,0.2410049
32.99599,0.2410049
33.01291,0.2410049
33.02991,0.2410049
33.0465,0.2410049
33.06397,0.2410049
33.08062,0.2410049
33.09777,0.2410049
33.11581,0.2410049
33.13116,0.2410049
33.14707,0.2410049
33.16397,0.2410049
33.18015,0.2410049
33.19722,0.2410049
33.21367,0.2410049
33.23012,0.2410049
33.24696,0.2410049
33.26292,0.2410049
33.27895,0.2410049
33.29619,0.2410049
33.31244,0.2410049
33.33104,0.2410049
33.34585,0.2410049
33.36303,0.2410049
33.37975,0.2410049
33.39673,0.2410049
33.41335,0.2410049
33.4308,0.2410049
33.44772,0.2410049
33.4644,0.2410049
33.48093,0.2410049
33.49761,0.2410049
33.51356,0.2410049
33.53186,0.2410049
33.54676,0.2410049
33.56345,0.2410049
33.57968,0.2410049
33.59639,0.2410049
33.61255,0.2410049
33.62953,0.2410049
33.64553,0.2410049
33.6624,0.2410049
33.67825,0.2410049
33.69659,0.2410049
33.71205,0.2410049
33.72918,0.2410049
33.74733,0.2410049
33.76297,0.2410049
33.77963,0.2410049
33.79673,0.2410049
33.81347,0.2410049
33.83093,0.2410049
33.84755,0.2410049
33.86396,0.2410049
33.88046,0.2410049
33.89721,0.2410049
33.91324,0.2410049
33.93015,0.2410049
33.94769,0.2410049
33.9627,0.2410049
33.97887,0.2410049
33.9959,0.2410049
34.01208,0.2410049
34.02859,0.2410049
34.04487,0.2410049
34.06348,0.2410049
1
True
34.0794,0
34.09707,0
34.11229,0
34.12959,0
34.14619,0
34.16628,0
34.18001,0
34.19731,0
34.21431,0
34.23198,0
34.24694,0
34.2635,0
34.27988,0
34.29656,0
34.31261,0
34.32951,0
34.3454,0
34.36253,0
34.37996,0
34.39521,0
34.41172,0
34.42923,0
34.44556,0
34.46286,0
34.47918,0
34.49628,0
34.51316,0
34.5303,0
34.54671,0
34.56383,0
34.58227,0
34.59757,0
34.61387,0
34.63022,0
34.64675,0
34.66351,0
34.67952,0
34.69641,0
34.7127,0
34.72919,0
34.7452,0
34.76232,0
34.77803,0
34.79712,0
34.8119,0
34.82935,0
34.84591,0
34.86275,0
34.87958,0
34.89667,0
34.91328,0
34.93038,0
34.94719,0
34.96407,0
34.98052,0
34.99839,0
35.01357,0
35.03011,0
35.04665,0
35.06304,0
35.0791,0
35.09612,0
35.11193,0
35.12911,0
35.14513,0
35.16224,0
35.1788,0
35.196,0
35.21428,0
35.22992,0
35.24625,0
35.26343,0
35.28008,0
35.29734,0
35.31397,0
35.33081,0
35.34709,0
35.36382,0
35.38007,0
35.39703,0
35.41471,0
35.43018,0
35.44624,0
35.46308,0
35.47914,0
35.49576,0
35.51183,0
35.52942,0
35.54559,0
35.56279,0
35.57964,0
35.59684,0
35.61326,0
35.63185,0
35.64703,0
35.66396,0
35.68063,0
35.69832,0
35.71452,0
35.73172,0
35.74821,0
35.76513,0
35.78139,0
35.79794,0
35.81414,0
35.83249,0
35.84705,0
35.86391,0
35.88002,0
35.89698,0
35.91282,0
35.92999,0
35.94587,0
35.96265,0
35.97913,0
35.9965,0
36.01308,0
36.03068,0
36.04841,0
36.06359,0
36.0803,0
36.09737,0
36.11427,0
36.13123,0
36.14808,0
36.16505,0
36.18145,0
36.19799,0
36.21424,0
36.23114,0
36.24878,0
36.26393,0
36.28021,0
36.29703,0
36.31296,0
36.32992,0
36.34661,0
36.36398,0
36.37977,0
36.39716,0
36.41453,0
36.43085,0
36.44736,0
36.46601,0
36.48147,0
36.4977,0
36.51408,0
36.53079,0
36.54728,0
36.56385,0
36.58034,0
36.61291,0
36.62999,0
36.64602,0
36.66303,0
36.68077,0
36.69744,0
36.71303,0
36.7302,0
36.74651,0
36.76376,0
36.78028,0
36.79717,0
36.81387,0
36.83101,0
36.8475,0
36.86412,0
36.88153,0
36.89714,0
36.91336,0
36.92995,0
36.94614,0
36.96296,0
36.97916,0
36.99608,0
37.01218,0
37.02888,0
37.04559,0
37.06277,0
37.07949,0
37.0986,0
37.11308,0
37.13035,0
37.14701,0
37.16417,0
37.18083,0
37.19758,0
37.21405,0
37.23083,0
37.2468,0
37.26362,0
37.28006,0
37.29808,0
37.3128,0
37.33025,0
37.34575,0
37.36257,0
37.37857,0
37.39553,0
37.41202,0
37.42953,0
37.44585,0
37.46309,0
37.47962,0
37.49705,0
37.51522,0
37.53069,0
37.54712,0
37.56415,0
37.58049,0
37.59731,0
37.61327,0
37.63025,0
37.6464,0
37.66321,0
37.67935,0
37.69621,0
37.71232,0
37.73074,0
37.74525,0
37.76189,0
37.77861,0
37.79582,0
37.8123,0
37.82974,0
37.84646,0
37.86371,0
37.88027,0
37.89728,0
37.91393,0
37.93258,0
37.94739,0
37.99694,0
38.0128,0
38.02943,0
38.04571,0
38.06236,0
38.07862,0
38.09627,0
38.1128,0
38.12977,0
38.14788,0
38.16395,0
38.18006,0
38.19756,0
38.21435,0
38.23137,0
38.24771,0
38.26453,0
38.28078,0
38.29773,0
38.31369,0
38.33035,0
38.34829,0
38.36352,0
38.37956,0
38.39631,0
38.4124,0
38.42896,0
38.44565,0
38.46295,0
38.47949,0
38.49712,0
38.51336,0
38.53058,0
38.54864,0
38.56408,0
38.58086,0
38.59784,0
38.61476,0
38.63155,0
38.64828,0
38.66463,0
38.68103,0
38.69852,0
38.71371,0
38.74073,0
38.74823,0
38.76369,0
38.77956,0
38.79638,0
38.81257,0
38.8291,0
38.84575,0
38.86315,0
38.87955,0
38.89665,0
38.91334,0
38.93042,0
38.94712,0
38.96575,0
38.98085,0
38.99817,0
39.0146,0
39.03196,0
39.04823,0
39.06527,0
39.08165,0
39.09852,0
39.11482,0
39.13153,0
39.14752,0
39.16608,0
39.18064,0
39.19722,0
39.21339,0
39.23054,0
39.24667,0
39.26345,0
39.27967,0
39.29654,0
39.34629,0
39.36308,0
39.3809,0
39.39645,0
39.41298,0
39.42971,0
39.44632,0
39.46324,0
39.47969,0
39.49669,0
39.5131,0
39.52987,0
39.54617,0
39.56324,0
39.58134,0.002
39.5966,0.002
39.61295,0.004000094
39.63037,0.006000187
39.64622,0.008000281
39.66307,0.01000037
39.67963,0.01000037
39.6973,0.01200047
39.71312,0.01400056
39.72977,0.01600065
39.74636,0.01800075
39.76315,0.02000084
39.77958,0.02000084
39.79787,0.02200093
39.81318,0.02400103
39.83022,0.02600112
39.84694,0.02800122
39.8641,0.03000131
39.88094,0.0320014
39.89782,0.0320014
39.91474,0.03400149
39.93148,0.03600159
39.94768,0.03800168
39.96409,0.04000177
39.98064,0.04200187
39.9986,0.04200187
40.01352,0.04400196
40.03092,0.04600205
40.04642,0.04800215
40.0631,0.05000224
40.07937,0.05000224
40.0961,0.05200233
40.11186,0.05400243
40.12894,0.05600252
40.14575,0.05800261
40.16305,0.06000271
40.17965,0.06000271
40.19651,0.0620028
40.215,0.0640029
40.23059,0.06600299
40.24725,0.06800309
40.26423,0.07000318
40.28138,0.07200328
40.29778,0.07200328
40.31443,0.07400337
40.33112,0.07600346
40.34762,0.07800356
40.36395,0.08000365
40.38036,0.08200374
40.39704,0.08200374
40.41514,0.08400384
40.42994,0.08600393
40.44654,0.08800402
40.4627,0.09000412
40.47936,0.09000412
40.49621,0.09200421
40.51215,0.0940043
40.52943,0.0960044
40.54599,0.09800449
40.5632,0.1000046
40.57978,0.1000046
40.59676,0.1020047
40.61377,0.1040048
40.63229,0.1060049
40.64754,0.108005
40.6646,0.1100051
40.68187,0.1120051
40.69853,0.1120051
40.71428,0.1140052
40.73183,0.1160053
40.74729,0.1180054
40.76417,0.1200055
40.78014,0.1220056
40.79684,0.1220056
40.81292,0.1240057
40.82962,0.1260058
40.84774,0.1280059
40.86243,0.130006
40.87921,0.130006
40.89622,0.1320061
40.91293,0.1340062
40.93031,0.1360063
40.94671,0.1380064
40.96374,0.1400065
40.9807,0.1420065
40.99762,0.1420065
41.0144,0.1440066
41.03164,0.1460067
41.04984,0.1480068
41.06454,0.1500069
41.18115,0.1620075
41.19731,0.1620075
41.21433,0.1640076
41.23065,0.1660077
41.24736,0.1680078
41.26563,0.1700079
41.28045,0.1720079
41.29704,0.1720079
41.31341,0.174008
41.33011,0.1760081
41.34629,0.1780082
41.36278,0.1800083
41.37921,0.1800083
41.39598,0.1820084
41.41166,0.1840085
41.42905,0.1860086
41.44577,0.1880087
41.46288,0.1900088
41.48133,0.1920089
41.49695,0.1920089
41.51344,0.194009
41.53045,0.1960091
41.54724,0.1980092
41.56425,0.2000093
41.58083,0.2020094
41.59799,0.2020094
41.61493,0.2040094
41.63117,0.2060095
41.64758,0.2080096
41.66441,0.2100097
41.68233,0.2120098
41.69872,0.2120098
41.71378,0.2140099
41.73055,0.21601
41.74647,0.2180101
41.76309,0.2200102
41.77917,0.2200102
41.79586,0.2220103
41.81269,0.2240104
41.82985,0.2260105
41.84653,0.2280106
41.86356,0.2300107
41.88031,0.2320108
41.89889,0.2320108
41.9141,0.2340108
41.93135,0.2360109
41.94763,0.238011
41.96489,0.2400111
41.98174,0.2420112
41.99879,0.2420112
42.01513,0.2440113
42.03197,0.2460114
42.08226,0.2520117
42.09932,0.2520117
42.11404,0.2540115
42.13068,0.2560114
42.147,0.2580112
42.16361,0.2590111
42.18023,0.260011
42.19695,0.260011
42.21319,0.2610109
42.22975,0.2620109
42.24649,0.2630108
42.26358,0.2640107
42.28028,0.2650107
42.29752,0.2650107
42.31574,0.2660106
42.33134,0.2670105
42.34823,0.2680104
42.36518,0.2690104
42.38225,0.2700103
42.39825,0.2700103
42.41468,0.2710102
42.43152,0.2720101
42.44777,0.2730101
42.46437,0.27401
42.48102,0.2750099
42.49802,0.2750099
42.51592,0.2760099
42.53126,0.2770098
42.54782,0.2780097
42.56449,0.2790096
42.58074,0.2800096
42.59752,0.2800096
42.61421,0.2820095
42.63094,0.2840093
42.64817,0.2860092
42.66439,0.288009
42.68079,0.2900089
42.69785,0.2900089
42.714,0.2920088
42.73266,0.2940086
42.74758,0.2960085
42.76399,0.2980083
42.78046,0.3000082
42.79718,0.3000082
42.81358,0.302008
42.83042,0.3040079
42.8469,0.3060077
42.86369,0.3080076
42.88007,0.3100075
42.8973,0.3100075
42.91345,0.3120073
42.9303,0.3140072
42.94811,0.316007
42.96349,0.3180069
42.97969,0.3180069
42.99667,0.3200067
43.01295,0.3220066
43.02983,0.3240064
43.0463,0.3260063
43.0631,0.3280061
43.0795,0.3280061
43.09668,0.330006
43.11302,0.3320059
43.13023,0.3340057
43.14615,0.3360056
43.16444,0.3380054
43.17948,0.3380054
43.19599,0.3400053
43.21231,0.3420051
43.22968,0.344005
43.24565,0.3460048
43.26237,0.3480047
43.27898,0.3480047
43.29564,0.3500046
43.31193,0.3520044
43.32909,0.3540043
43.34509,0.3560041
43.36232,0.358004
43.37987,0.358004
43.3953,0.3600038
43.42839,0.3640035
43.4447,0.3660034
43.46187,0.3680032
43.47778,0.3680032
43.49512,0.3700031
43.51132,0.372003
43.52802,0.3740028
43.54414,0.3760027
43.56256,0.3780025
43.57933,0.3780025
43.59424,0.3800024
43.61068,0.3820022
43.62787,0.3840021
43.64357,0.3860019
43.6605,0.3880018
43.67655,0.3880018
43.69374,0.3900017
43.70975,0.3920015
43.72654,0.3940014
43.74294,0.3960012
43.75962,0.3960012
43.77594,0.3980011
43.79434,0.398001
43.80875,0.398001
43.82568,0.398001
43.84188,0.398001
43.85863,0.398001
43.87489,0.398001
43.89235,0.398001
43.90785,0.398001
43.92438,0.398001
43.94085,0.398001
43.95747,0.398001
43.97405,0.398001
43.99003,0.398001
44.00893,0.398001
44.02295,0.398001
44.03957,0.398001
44.0564,0.398001
44.07226,0.398001
44.08895,0.398001
44.10534,0.398001
44.12206,0.398001
44.13925,0.398001
44.15582,0.398001
44.17299,0.398001
44.18974,0.398001
44.2068,0.398001
44.22528,0.398001
44.24089,0.398001
44.25737,0.398001
44.27458,0.398001
44.29027,0.398001
44.30751,0.398001
44.32427,0.398001
44.34076,0.398001
44.35779,0.398001
44.37481,0.398001
44.39108,0.398001
44.40741,0.398001
44.42562,0.398001
44.44028,0.398001
44.45668,0.398001
44.47326,0.398001
44.48949,0.398001
44.50639,0.398001
44.52322,0.398001
44.54017,0.398001
44.55803,0.398001
44.57409,0.398001
44.59088,0.398001
44.60816,0.398001
44.6267,0.398001
44.64188,0.398001
44.65824,0.398001
44.67432,0.398001
44.69077,0.398001
44.70755,0.398001
44.72393,0.398001
44.74039,0.398001
44.75669,0.398001
44.79095,0.398001
44.80772,0.398001
44.82474,0.398001
44.84375,0.398001
44.85863,0.398001
44.87598,0.398001
44.89161,0.398001
44.90815,0.398001
44.92516,0.398001
44.94144,0.398001
44.95772,0.398001
44.97427,0.398001
44.99097,0.398001
45.00731,0.398001
45.02361,0.398001
45.04028,0.398001
45.05866,0.398001
45.0732,0.398001
45.08957,0.398001
45.10616,0.398001
45.12258,0.398001
45.13936,0.398001
45.15558,0.398001
45.17217,0.398001
45.18898,0.398001
45.20566,0.398001
45.22135,0.398001
45.23806,0.398001
45.25492,0.398001
45.2735,0.398001
45.28878,0.398001
45.30578,0.398001
45.32217,0.398001
45.33933,0.398001
45.35621,0.398001
45.37333,0.398001
45.38968,0.398001
45.40623,0.398001
45.4226,0.398001
45.43925,0.398001
45.45572,0.398001
45.4741,0.398001
45.48895,0.398001
45.50545,0.398001
45.52216,0.398001
45.53843,0.398001
45.55493,0.398001
45.57154,0.398001
45.58804,0.398001
45.60512,0.398001
45.62171,0.398001
45.63877,0.398001
45.6554,0.398001
45.67242,0.398001
45.69078,0.398001
45.70628,0.398001
45.72283,0.398001
45.73977,0.398001
45.75601,0.398001
45.77255,0.398001
45.78906,0.398001
45.80564,0.398001
45.82258,0.398001
45.83867,0.398001
45.85518,0.398001
45.8717,0.398001
45.8881,0.398001
45.90619,0.398001
45.9214,0.398001
45.93843,0.398001
45.95528,0.398001
45.97233,0.398001
45.98882,0.398001
46.00605,0.398001
46.0229,0.398001
46.03974,0.398001
46.05657,0.398001
46.07312,0.398001
46.08905,0.398001
46.1075,0.398001
46.12218,0.398001
46.17181,0.398001
46.18817,0.398001
46.20471,0.398001
46.2212,0.398001
46.23889,0.398001
46.25446,0.398001
46.27153,0.398001
46.28834,0.398001
46.30526,0.398001
46.32365,0.398001
46.3388,0.398001
46.35573,0.398001
46.37285,0.398001
46.38915,0.398001
46.40656,0.398001
46.4226,0.398001
46.43932,0.398001
46.45578,0.398001
46.47254,0.398001
46.48887,0.398001
46.50513,0.398001
46.52176,0.398001
46.54037,0.398001
46.55542,0.398001
46.57255,0.398001
46.58896,0.398001
46.60591,0.398001
46.62269,0.398001
46.63969,0.398001
46.65661,0.398001
46.67348,0.398001
46.69029,0.398001
46.7068,0.398001
46.72366,0.398001
46.74157,0.398001
46.75616,0.398001
46.77324,0.398001
46.78974,0.398001
46.80566,0.398001
46.82211,0.398001
46.83852,0.398001
46.85493,0.398001
46.87161,0.398001
46.88757,0.398001
46.90418,0.398001
46.92111,0.398001
46.93832,0.398001
46.9565,0.398001
46.97186,0.398001
46.9886,0.398001
47.00622,0.398001
47.02239,0.398001
47.03939,0.398001
47.05621,0.398001
47.07344,0.396001
47.08998,0.3940011
47.10679,0.3920013
47.12404,0.3900014
47.14116,0.3880016
47.15905,0.3880016
47.17358,0.3860017
47.18984,0.3840019
47.20633,0.382002
47.22271,0.3800021
47.23943,0.3800021
47.25573,0.3780023
47.27247,0.3760024
47.28855,0.3740026
47.30535,0.3720027
47.32156,0.3700029
47.33818,0.3700029
47.35455,0.368003
47.37294,0.3660032
47.38848,0.3640033
47.40538,0.3620034
47.42203,0.3600036
47.43913,0.3600036
47.45615,0.3580037
47.47302,0.3560039
47.48983,0.354004
47.53931,0.3500043
47.55534,0.3480045
47.57378,0.3460046
47.5885,0.3440048
47.60527,0.3420049
47.62178,0.340005
47.6383,0.340005
47.65513,0.3380052
47.67212,0.3360053
47.68908,0.3340055
47.70609,0.3320056
47.72257,0.3300058
47.73949,0.3300058
47.75642,0.3280059
47.77568,0.3260061
47.7903,0.3240062
47.80696,0.3220063
47.82333,0.3200065
47.84048,0.3180066
47.85657,0.3180066
47.87321,0.3160068
47.88937,0.3140069
47.90582,0.3120071
47.92244,0.3100072
47.93886,0.3100072
47.95525,0.3080074
47.97184,0.3060075
47.98956,0.3040076
48.00443,0.3020078
48.02085,0.3000079
48.03783,0.3000079
48.0547,0.2980081
48.07179,0.2960082
48.08865,0.2940084
48.10535,0.2920085
48.12246,0.2900087
48.13956,0.2900087
48.15649,0.2880088
48.17334,0.286009
48.19201,0.2840091
48.2065,0.2820092
48.22282,0.2800094
48.23921,0.2800094
48.25556,0.2780095
48.27201,0.2760097
48.28859,0.2740098
48.30515,0.27201
48.3218,0.2700101
48.33812,0.2700101
48.35515,0.2680103
48.37202,0.2660104
48.38882,0.2640105
48.40759,0.2620107
48.42283,0.2600108
48.43979,0.2600108
48.457,0.258011
48.47372,0.2560111
48.49009,0.2540113
48.50655,0.2520114
48.52276,0.2500116
48.53942,0.2500116
48.5556,0.2480117
48.57238,0.2460116
48.58865,0.2440115
48.60519,0.2420114
48.62294,0.2400113
48.6388,0.2400113
48.65463,0.2380112
48.6718,0.2360111
48.68868,0.234011
48.70558,0.2320109
48.72253,0.2300108
48.7393,0.2300108
48.75611,0.2280107
48.773,0.2260107
48.78925,0.2240106
48.80664,0.2220105
48.82448,0.2200104
48.83931,0.2200104
48.88953,0.2140101
48.90591,0.21201
48.92261,0.2100099
48.93962,0.2100099
48.95609,0.2080098
48.97322,0.2060097
48.98927,0.2040096
49.00609,0.2020095
49.02266,0.2000094
49.04113,0.1980093
49.05576,0.1980093
49.07286,0.1960092
49.0895,0.1940092
49.1061,0.1920091
49.12351,0.190009
49.13961,0.190009
49.15593,0.1880089
49.17281,0.1860088
49.18927,0.1840087
49.20636,0.1820086
49.22293,0.1800085
49.24118,0.1780084
49.25619,0.1780084
49.27312,0.1760083
49.28949,0.1740082
49.30597,0.1720081
49.32299,0.170008
49.33962,0.170008
49.35671,0.1680079
49.37295,0.1660078
49.38958,0.1640078
49.40658,0.1620077
49.42295,0.1600076
49.44135,0.1580075
49.45653,0.1580075
49.47328,0.1560074
49.48989,0.1540073
49.5065,0.1520072
49.52325,0.1500071
49.54017,0.148007
49.55656,0.148007
49.57363,0.1460069
49.59008,0.1440068
49.60691,0.1420067
49.62365,0.1400066
49.64205,0.1380065
49.65705,0.1380065
49.67389,0.1360064
49.6904,0.1340064
49.70739,0.1320063
49.7239,0.1300062
49.74066,0.1280061
49.75808,0.1280061
49.77442,0.126006
49.79199,0.1240059
49.80757,0.1220058
49.82435,0.1200057
49.8424,0.1180056
49.85769,0.1180056
49.87459,0.1160055
49.89125,0.1140054
49.90801,0.1120053
49.9245,0.1100052
49.94163,0.1080051
49.95848,0.1080051
49.97529,0.106005
49.99194,0.1040049
50.00893,0.1020049
50.02534,0.1000048
50.04355,0.09800467
50.05891,0.09800467
50.07651,0.09600458
50.09238,0.09400448
50.10887,0.09200439
50.12633,0.0900043
50.14219,0.0880042
50.15908,0.0880042
50.17585,0.08600411
50.19271,0.08400401
50.20938,0.08200392
50.22648,0.08000383
50.24447,0.07800373
50.2599,0.07800373
50.27661,0.07600364
50.29399,0.07400355
50.31015,0.07200345
50.32747,0.07000336
50.34377,0.06800327
50.36098,0.06600317
50.37771,0.06600317
50.39456,0.06400308
50.41103,0.06200299
50.42828,0.0600029
50.44614,0.05800281
50.46149,0.05600271
50.4779,0.05600271
50.49541,0.05400262
50.51129,0.05200253
50.52829,0.05000243
50.54436,0.04800234
50.56161,0.04600225
50.57803,0.04600225
50.59473,0.04400215
50.61107,0.04200206
50.62796,0.04000197
50.64455,0.03800187
50.66249,0.03600178
50.67701,0.03600178
50.69408,0.03400169
50.71087,0.03200159
50.72765,0.0300015
50.74363,0.0280014
50.76078,0.02600131
50.77678,0.02600131
50.81008,0.02200112
50.8269,0.02000103
50.84315,0.01800093
50.85994,0.01800093
50.87761,0.01600084
50.89342,0.01400075
50.90895,0.01200065
50.92591,0.01000056
50.94269,0.008000467
50.95903,0.008000467
50.97556,0.006000374
50.99255,0.00400028
51.00859,0.002000187
51.02574,9.336509E-08
51.04165,-0.002
51.0583,-0.002
51.07469,-0.004000094
51.09276,-0.006000187
51.10738,-0.008000281
51.12393,-0.01000037
51.14065,-0.01200047
51.15702,-0.01200047
51.17374,-0.01400056
51.18993,-0.01600065
51.20672,-0.01800075
51.22314,-0.02000084
51.23917,-0.02000084
51.25617,-0.02200093
51.27234,-0.02400103
51.28903,-0.02600112
51.30667,-0.02800122
51.32205,-0.03000131
51.33832,-0.03000131
51.3558,-0.0320014
51.37214,-0.03400149
51.3895,-0.03600159
51.4058,-0.03800168
51.42258,-0.04000177
51.43948,-0.04000177
51.45648,-0.04200187
51.47372,-0.04400196
51.49008,-0.04600205
51.50777,-0.04800215
51.52286,-0.05000224
51.53927,-0.05000224
51.5555,-0.05200233
51.57241,-0.05400243
51.58888,-0.05600252
51.60539,-0.05800261
51.62168,-0.06000271
51.63818,-0.06000271
51.65481,-0.0620028
51.67176,-0.0640029
51.68871,-0.06600299
51.70562,-0.06800309
51.724,-0.07000318
51.73967,-0.07000318
51.75619,-0.07200328
51.77299,-0.07400337
51.78957,-0.07600346
51.807,-0.07800356
51.82281,-0.08000365
51.83935,-0.08000365
51.85596,-0.08200374
51.87264,-0.08400384
51.88957,-0.08600393
51.90674,-0.08800402
51.92551,-0.09000412
51.93988,-0.09000412
51.95639,-0.09200421
51.97313,-0.0940043
51.98978,-0.0960044
52.00627,-0.09800449
52.02304,-0.1000046
52.0391,-0.1000046
52.0559,-0.1020047
52.07241,-0.1040048
52.08874,-0.1060049
52.10564,-0.108005
52.12144,-0.1100051
52.14089,-0.1120051
52.15502,-0.1120051
52.17206,-0.1140052
52.18855,-0.1160053
52.20624,-0.1180054
52.22221,-0.1200055
52.23919,-0.1200055
52.25614,-0.1220056
52.27304,-0.1240057
52.28991,-0.1260058
52.30685,-0.1280059
52.32366,-0.130006
52.34198,-0.1320061
52.35666,-0.1320061
52.37335,-0.1340062
52.39013,-0.1360063
52.40645,-0.1380064
52.42258,-0.1400065
52.43935,-0.1400065
52.45565,-0.1420065
52.4729,-0.1440066
52.48896,-0.1460067
52.50531,-0.1480068
52.52153,-0.1500069
52.53805,-0.1500069
52.55632,-0.152007
52.57168,-0.1540071
52.58856,-0.1560072
52.60552,-0.1580073
52.62257,-0.1600074
52.63901,-0.1600074
52.65583,-0.1620075
52.67302,-0.1640076
52.68971,-0.1660077
52.70626,-0.1680078
52.72274,-0.1700079
52.74065,-0.1720079
52.7584,-0.1720079
52.77274,-0.174008
52.7905,-0.1760081
52.80593,-0.1780082
52.82224,-0.1800083
52.83905,-0.1800083
52.85519,-0.1820084
52.87178,-0.1840085
52.88844,-0.1860086
52.90534,-0.1880087
52.922,-0.1900088
52.93919,-0.1900088
52.95583,-0.1920089
52.97463,-0.194009
52.98935,-0.1960091
53.00633,-0.1980092
53.02336,-0.1990093
53.03973,-0.1990093
53.05595,-0.2000092
53.07281,-0.2010092
53.08905,-0.2020093
53.10589,-0.2030093
53.12195,-0.2040094
53.13842,-0.2040094
53.15486,-0.2050094
53.17319,-0.2060095
53.19007,-0.2070095
53.20477,-0.2080096
53.22186,-0.2090096
53.23887,-0.2090096
53.25566,-0.2100096
53.27266,-0.2110097
53.28938,-0.2120097
53.3061,-0.2130098
53.3231,-0.2140098
53.34021,-0.2150099
53.3569,-0.2150099
53.37352,-0.2160099
53.39217,-0.21701
53.40688,-0.21801
53.42349,-0.2190101
53.4403,-0.2200101
53.45964,-0.2200101
53.47437,-0.2210102
53.49015,-0.2220102
53.50616,-0.2230103
53.52223,-0.2240103
53.53882,-0.2240103
53.555,-0.2250104
53.57183,-0.2260104
53.58861,-0.2270104
53.60748,-0.2280105
53.62259,-0.2290105
53.63988,-0.2290105
53.65647,-0.2300106
53.67333,-0.2310106
53.69066,-0.2320107
53.7073,-0.2330107
53.72567,-0.2340108
53.74208,-0.2350108
53.75773,-0.2350108
53.77396,-0.2360109
53.79112,-0.2370109
53.80837,-0.238011
53.82344,-0.239011
53.84011,-0.2400111
53.85672,-0.2400111
53.87328,-0.2410111
53.88939,-0.2420111
53.90631,-0.2430112
53.92293,-0.2440112
53.93966,-0.2440112
53.95689,-0.2450113
53.9741,-0.2460113
53.99195,-0.2470114
54.00924,-0.2480114
54.02597,-0.2490115
54.04115,-0.2500115
54.05776,-0.2500115
54.07602,-0.2510114
54.09139,-0.2520114
54.10956,-0.2530113
54.12434,-0.2540112
54.14162,-0.2550111
54.15744,-0.2550111
54.174,-0.2560111
54.19079,-0.257011
54.20719,-0.2580109
54.22582,-0.2590109
54.24029,-0.2600108
54.25697,-0.2600108
54.27409,-0.2610107
54.29083,-0.2620106
54.30746,-0.2630106
54.32409,-0.2640105
54.34006,-0.2650104
54.35689,-0.2650104
54.37375,-0.2660103
54.38969,-0.2670103
54.40572,-0.2680102
54.42234,-0.2690101
54.44059,-0.2700101
54.46243,-0.27101
54.47299,-0.27101
54.48809,-0.2720099
54.50443,-0.2730098
54.52131,-0.2740098
54.63729,-0.2790094
