placeNum,3
isForward,True
0.01086998,0
0.02707863,0
0.04348564,0
0.05993652,0
0.07658768,0
0.09323692,0
0.1099701,0
0.1265259,0
0.1442986,0
0.160614,0
0.1765175,0
0.1936359,0
0.2112637,0
0.227499,0
0.2438183,0
0.2602692,0
0.2768974,0
0.2931328,0
0.3102875,0
0.3272858,0
0.3438072,0
0.3605232,0
0.3765736,0
0.3928814,0
0.4096661,0
0.4269638,0
0.4429741,0
0.4592419,0
0.4757462,0
0.4924908,0
0.5092697,0
0.5262489,0
0.5431309,0
0.5597744,0
0.576355,0
0.5934582,0
0.6099949,0
0.6279335,0
0.6436749,0
0.6608124,0
0.6771107,0
0.6943092,0
0.7111988,0
0.7286301,0
0.7445087,0
0.760788,0
0.7774029,0
0.7941666,0
0.8105221,0
0.8280296,0
0.8436356,0
0.8602085,0
0.8766975,0
0.8931255,0
0.9258213,0
0.9424553,0
0.9593868,0
0.9759274,0
0.9928646,0
1.009647,0
1.026569,0
1.043896,0
1.060148,0
1.076904,0
1.093706,0
1.110008,0
1.126947,0
1.143269,0
1.159565,0
1.176392,0
1.192877,0
1.209526,0
1.226465,0
1.24316,0
1.260353,0
1.276829,0
1.293161,0
1.309742,0
1.326448,0
1.342993,0
1.360136,0
1.376472,0
1.394203,0
1.41016,0
1.427485,0
1.443829,0
1.461592,0
1.477486,0
1.494116,0
1.510881,0
1.527521,0
1.544418,0
1.561642,0
1.577917,0
1.594271,0
1.611214,0
1.627378,0
1.645018,0
1.66156,0
1.677477,0
1.69449,0
1.710323,0
1.727331,0
1.743401,0
1.760174,0
1.776634,0
1.793234,0
1.810242,0
1.827066,0
1.843184,0
1.860054,0
1.877316,0
1.893263,0
1.909861,0
1.926634,0
1.943329,0
1.959721,0
1.976152,0
1.992678,0
2.009251,0
2.025736,0
2.042282,0
2.058702,0
2.075397,0
2.093344,0
2.109114,0
2.126051,0
2.142479,0
2.15901,0
2.175648,0
2.192135,0
2.208706,0
2.225662,0
2.242393,0
2.259192,0
2.275896,0
2.293619,0
2.309322,0
2.32646,0
2.342978,0
2.359638,0
2.376438,0
2.393269,0
2.409138,0
2.425859,0
2.442154,0
2.458767,0
2.475363,0
2.492092,0
2.509224,0
2.524784,0
2.542171,0
2.558275,0
2.575016,0
2.591908,0
2.608532,0
2.625566,0
2.642323,0
2.659084,0
2.676022,0
2.692402,0
2.710083,0
2.726328,0
2.742704,0
2.75972,0
2.776457,0
2.792744,0
2.809431,0
2.826065,0
2.842617,0
2.858953,0
2.875708,0
2.891966,0
2.908743,0
2.926655,0
2.942814,0
2.958601,0
2.975286,0
2.991823,0
3.008352,0
3.025454,0
3.041819,0
3.05825,0
3.075117,0
3.091993,0
3.108549,0
3.125118,0
3.142576,0
3.158447,0
3.175257,-0.0012
3.191595,-0.0012
3.20863,-0.002399961
3.224739,-0.003599921
3.241386,-0.004799882
3.257797,-0.005999843
3.274008,-0.007199803
3.290621,-0.007199803
3.30719,-0.008399764
3.324167,-0.009599725
3.340677,-0.01079969
3.359272,-0.01199965
3.37431,-0.01319961
3.391142,-0.01319961
3.407869,-0.01439957
3.424828,-0.01559953
3.441339,-0.01679949
3.458311,-0.01799945
3.474957,-0.01919941
3.492331,-0.02039937
3.508539,-0.02039937
3.525805,-0.02159933
3.542189,-0.02279929
3.559872,-0.02399926
3.575659,-0.02519922
3.592541,-0.02639918
3.608513,-0.02639918
3.625565,-0.02759914
3.67585,-0.03119902
3.691887,-0.03119902
3.708801,-0.03239898
3.725418,-0.03359894
3.741957,-0.0347989
3.758917,-0.03599886
3.776091,-0.03719882
3.791708,-0.03719882
3.808857,-0.03839878
3.825647,-0.03959874
3.841604,-0.0407987
3.858221,-0.04199866
3.874517,-0.04319862
3.89102,-0.04319862
3.907621,-0.04439858
3.924435,-0.04559854
3.941154,-0.0467985
3.958094,-0.04799847
3.974787,-0.04919843
3.992428,-0.05039839
4.008326,-0.05039839
4.025267,-0.05159835
4.041975,-0.05279831
4.058432,-0.05399827
4.075045,-0.05519823
4.092264,-0.05639819
4.109068,-0.05639819
4.125648,-0.05759815
4.141562,-0.05879811
4.15826,-0.05999807
4.174948,-0.06119803
4.192144,-0.06239799
4.208004,-0.06239799
4.224972,-0.06359796
4.241558,-0.06479792
4.25806,-0.06599788
4.274612,-0.06719784
4.291622,-0.06719784
4.30834,-0.06839781
4.324896,-0.06959777
4.341772,-0.07079773
4.358355,-0.07199769
4.374704,-0.07319765
4.39139,-0.07319765
4.408945,-0.07439761
4.424406,-0.07559757
4.441053,-0.07679753
4.45756,-0.07799749
4.474197,-0.07919745
4.491154,-0.07919745
4.507919,-0.08039741
4.525169,-0.08159737
4.541021,-0.08279733
4.558163,-0.08399729
4.57468,-0.08519726
4.591682,-0.08519726
4.609343,-0.08639722
4.625427,-0.08759718
4.64176,-0.08879714
4.658827,-0.0899971
4.675592,-0.09119706
4.692438,-0.09239702
4.709307,-0.09239702
4.726049,-0.09359698
4.742792,-0.09479694
4.759165,-0.0959969
4.77574,-0.09719686
4.792316,-0.09839682
4.810118,-0.09839682
4.825462,-0.09959678
4.842545,-0.1007967
4.858473,-0.1019967
4.875229,-0.1031967
4.892752,-0.1043966
4.907957,-0.1043966
4.924784,-0.1055966
4.941856,-0.1067965
4.958328,-0.1079965
4.974983,-0.1091965
5.025963,-0.1115964
5.042688,-0.1127964
5.059011,-0.1139963
5.0755,-0.1151963
5.092373,-0.1163962
5.109179,-0.1163962
5.125557,-0.1175962
5.142103,-0.1187962
5.159338,-0.1199961
5.175848,-0.1211961
5.192631,-0.122396
5.209272,-0.122396
5.225817,-0.123596
5.242449,-0.124796
5.260311,-0.1259959
5.276083,-0.1271959
5.292416,-0.1283958
5.308769,-0.1283958
5.325361,-0.1295958
5.342411,-0.1307957
5.358107,-0.1319957
5.374882,-0.1331957
5.391665,-0.1331957
5.408432,-0.1343956
5.425138,-0.1355956
5.442131,-0.1367956
5.458246,-0.1379955
5.476171,-0.1391955
5.491768,-0.1391955
5.508358,-0.1403954
5.525316,-0.1415954
5.541677,-0.1427954
5.558502,-0.1439953
5.575155,-0.1451953
5.591795,-0.1451953
5.60845,-0.1463952
5.625216,-0.1475952
5.641773,-0.1487952
5.65851,-0.1499951
5.67588,-0.1511951
5.691608,-0.1511951
5.70882,-0.152395
5.725311,-0.153595
5.741995,-0.154795
5.759073,-0.1559949
5.775465,-0.1571949
5.792713,-0.1583948
5.809849,-0.1583948
5.825745,-0.1595948
5.842152,-0.1607948
5.858568,-0.1619947
5.876123,-0.1631947
5.891678,-0.1631947
5.908266,-0.1643946
5.925192,-0.1655946
5.941704,-0.1667946
5.958605,-0.1679945
5.976408,-0.1691945
5.992283,-0.1703945
6.008831,-0.1703945
6.02528,-0.1715944
6.042021,-0.1727944
6.058823,-0.1739943
6.076775,-0.1751943
6.091913,-0.1763943
6.108477,-0.1763943
6.12558,-0.1775942
6.142046,-0.1787942
6.159321,-0.1799941
6.175844,-0.1811941
6.193111,-0.1823941
6.209112,-0.1823941
6.225822,-0.183594
6.242544,-0.184794
6.258215,-0.1859939
6.274887,-0.1871939
6.29277,-0.1883939
6.308496,-0.1883939
6.325233,-0.1895938
6.341921,-0.1907938
6.374556,-0.1931937
6.391319,-0.1931937
6.407778,-0.1943937
6.424278,-0.1955936
6.440901,-0.1967936
6.457861,-0.1979935
6.473989,-0.1991935
6.49054,-0.1991935
6.508123,-0.2003935
6.523933,-0.2015934
6.540485,-0.2027934
6.556831,-0.2039934
6.57386,-0.2051933
6.590401,-0.2051933
6.607473,-0.2063933
6.624216,-0.2075932
6.641224,-0.2087932
6.657515,-0.2099932
6.674204,-0.2111931
6.691202,-0.2111931
6.708492,-0.2123931
6.724373,-0.213593
6.740898,-0.214793
6.75779,-0.215993
6.774717,-0.2171929
6.791481,-0.2171929
6.809179,-0.2183929
6.824898,-0.2195928
6.841417,-0.2207928
6.85811,-0.2219928
6.874752,-0.2231927
6.89156,-0.2231927
6.909079,-0.2243927
6.925041,-0.2255926
6.941481,-0.2267926
6.95834,-0.2279926
6.974998,-0.2291925
6.991846,-0.2291925
7.008354,-0.2303925
7.025183,-0.2315924
7.04187,-0.2327924
7.05862,-0.2339924
7.075228,-0.2351923
7.091898,-0.2351923
7.110083,-0.2363923
7.125586,-0.2375923
7.142338,-0.2387922
7.159672,-0.2399922
7.175505,-0.2411921
7.192387,-0.2423921
7.208857,-0.2423921
7.225965,-0.2435921
7.242388,-0.244792
7.25919,-0.245992
7.275717,-0.2471919
7.292831,-0.2483919
7.310085,-0.2483919
7.325861,-0.2495919
7.342579,-0.2507918
7.359377,-0.2519918
7.375992,-0.2531918
7.392849,-0.2543917
7.409678,-0.2543917
7.426739,-0.2555917
7.442928,-0.2567917
7.45993,-0.2579916
7.476419,-0.2591916
7.493156,-0.2603915
7.510874,-0.2603915
7.526953,-0.2615915
7.54339,-0.2627915
7.560423,-0.2639914
7.577007,-0.2651914
7.593794,-0.2663913
7.610374,-0.2663913
7.627382,-0.2675913
7.643869,-0.2687913
7.660742,-0.2699912
7.677601,-0.2711912
7.694906,-0.2723911
7.720369,-0.2735911
7.760759,-0.275991
7.777546,-0.277191
7.794596,-0.2783909
7.811022,-0.2783909
7.827944,-0.2795909
7.845032,-0.2795908
7.861063,-0.2795908
7.877962,-0.2795908
7.894876,-0.2795908
7.911533,-0.2795908
7.929354,-0.2795908
7.944769,-0.2795908
7.961527,-0.2795908
7.97838,-0.2795908
7.994928,-0.2795908
8.011477,-0.2795908
8.028658,-0.2795908
8.045076,-0.2795908
8.062197,-0.2795908
8.078688,-0.2795908
8.095478,-0.2795908
8.112148,-0.2795908
8.130014,-0.2795908
8.145657,-0.2795908
8.162529,-0.2795908
8.179506,-0.2795908
8.196308,-0.2795908
8.213129,-0.2795908
8.23028,-0.2795908
8.246849,-0.2795908
8.26392,-0.2795908
8.280733,-0.2795908
8.297543,-0.2795908
8.314352,-0.2795908
8.332706,-0.2795908
8.347319,-0.2795908
8.364294,-0.2795908
8.380802,-0.2795908
8.397875,-0.2795908
8.413433,-0.2795908
8.430071,-0.2795908
8.446589,-0.2795908
8.463879,-0.2795908
8.479334,-0.2795908
8.495953,-0.2795908
8.512571,-0.2795908
8.529083,-0.2795908
8.546595,-0.2795908
8.562508,-0.2795908
8.579128,-0.2795908
8.596056,-0.2795908
8.612747,-0.2795908
8.629856,-0.2795908
8.646479,-0.2795908
8.66342,-0.2795908
8.6798,-0.2795908
8.696629,-0.2795908
8.713499,-0.2795908
8.730154,-0.2795908
8.747644,-0.2795908
8.763803,-0.2795908
8.780815,-0.2795908
8.797302,-0.2795908
8.813948,-0.2795908
8.830471,-0.2795908
8.847013,-0.2795908
8.863903,-0.2795908
8.880335,-0.2795908
8.89661,-0.2795908
8.913496,-0.2795908
8.930325,-0.2795908
8.947744,-0.2795908
8.96339,-0.2795908
8.980124,-0.2795908
8.996756,-0.2795908
9.013708,-0.2795908
9.030046,-0.2795908
9.046764,-0.2795908
9.063082,-0.2795908
9.079876,-0.2795908
9.129356,-0.2795908
9.145861,-0.2795908
9.163656,-0.2795908
9.179752,-0.2795908
9.196083,-0.2795908
9.212688,-0.2795908
9.22901,-0.2795908
9.245937,-0.2795908
9.262094,-0.2795908
9.279007,-0.2795908
9.295259,-0.2795908
9.312674,-0.2795908
9.328691,-0.2795908
9.345587,-0.2795908
9.362234,-0.2795908
9.380011,-0.2795908
9.395899,-0.2795908
9.412489,-0.2795908
9.429499,-0.2795908
9.446138,-0.2795908
9.462435,-0.2795908
9.479311,-0.2795908
9.496138,-0.2795908
9.512705,-0.2795908
9.52976,-0.2795908
9.54624,-0.2795908
9.56307,-0.2795908
9.580355,-0.2795908
9.595823,-0.2795908
9.612806,-0.2795908
9.6294,-0.2795908
9.645979,-0.2795908
9.662439,-0.2795908
9.679213,-0.2795908
9.695456,-0.2795908
9.712095,-0.2795908
9.728739,-0.2795908
9.745676,-0.2795908
9.762403,-0.2795908
9.779432,-0.2795908
9.797033,-0.2795908
9.813211,-0.2795908
9.829916,-0.2795908
9.846277,-0.2795908
9.862871,-0.2795908
9.879511,-0.2795908
9.895987,-0.2795908
9.912516,-0.2795908
9.929022,-0.2795908
9.945929,-0.2795908
9.96242,-0.2795908
9.979177,-0.2795908
9.995897,-0.2795908
placeNum,3
isForward,False
0.01745224,0
0.03266144,0
0.04927444,0
0.06559372,0
0.0824585,0
0.09861755,0
0.1153336,0
0.1317711,0
0.1484337,0
0.1648483,0
0.1823845,0
0.1991768,0
0.2143326,0
0.2329788,0
0.2481079,0
0.2648582,0
0.2821999,0
0.2983665,0
0.3151093,0
0.3320656,0
0.3485794,0
0.3659019,0
0.382267,0
0.399334,0
0.4159584,0
0.4335861,0
0.4495201,0
0.4659309,0
0.4828758,0
0.4993668,0
0.5162926,0
0.5323143,0
0.5490227,0
0.5660362,0
0.5826645,0
0.5991592,0
0.6156464,0
0.6321487,0
0.6500092,0
0.6651688,0
0.6818542,0
0.698864,0
0.7153244,0
0.7318192,0
0.7484741,0
0.7653885,0
0.7822266,0
0.8164368,0
0.8328285,0
0.8506508,0
0.8657761,0
0.8825531,0
0.8991776,0
0.9156075,0
0.932003,0
0.9487419,0
0.9654579,0
0.9817505,0
0.9982224,0
1.015003,0
1.031353,0
1.047951,0
1.065804,0
1.081493,0
1.098461,0
1.115185,0
1.132,0
1.148579,0
1.16534,0
1.182365,0
1.199223,0
1.216053,0
1.232937,0
1.249878,0
1.267643,0
1.283031,0
1.299629,0
1.315994,0
1.332882,0
1.34914,0
1.365368,0
1.382175,0
1.398518,0
1.415375,0
1.431622,0
1.448318,0
1.465237,0
1.483505,0
1.499134,0
1.515526,0
1.532345,0
1.549255,0
1.56636,0
1.583118,0
1.599873,0
1.616608,0
1.632755,0
1.649406,0
1.665989,0
1.683319,0
1.699001,0
1.715687,0
1.732548,0
1.749249,0
1.765896,0
1.78318,0
1.799103,0
1.816044,0
1.832012,0
1.848412,0
1.864826,0
1.881573,0
1.899414,0
1.915226,0
1.931938,0
1.948696,0
1.965565,0
1.982246,0
1.999268,0
2.015991,0
2.032207,0
2.048954,0
2.065422,0
2.082119,0
2.099728,0
2.115673,0
2.131523,0
2.148262,0
2.164513,0
2.181274,0
2.198185,0
2.215073,0
2.231739,0
2.248322,0
2.265293,0
2.281952,0
2.298786,0
2.316372,0
2.332443,0
2.349079,0
2.366127,0
2.382893,0
2.399384,0
2.415909,0
2.432957,0
2.448814,0
2.465321,0
2.482162,0
2.498455,0
2.515129,0
2.532349,0
2.548569,0
2.564499,0
2.581448,0
2.598598,0
2.61496,0
2.631676,0
2.648411,0
2.665794,0
2.682156,0
2.699154,0
2.715588,0
2.733509,0
2.749222,0
2.766369,0
2.782959,0
2.799675,0
2.816082,0
2.832428,0
2.849064,0
2.865623,0
2.882256,0
2.899223,0
2.916061,0
2.932961,0
2.94883,0
2.965389,0
2.981655,0
2.99897,0
3.015606,0
3.031452,0
3.048767,0
3.064991,0
3.081589,0
3.098526,0
3.115112,0
3.132038,0
3.149612,0
3.165665,0
3.182709,0
3.199947,0
3.21629,0
3.232677,0
3.249222,0
3.265362,0
3.282097,0
3.298618,0
3.314926,0
3.331684,0
3.348309,0
3.366074,0
3.381783,0
3.398357,0
3.415169,0
3.431835,0
3.448593,0
3.465382,0
3.482159,0
3.499119,0
3.549099,0
3.566753,0
3.582581,0
3.599251,0
3.61573,0
3.632233,0
3.648655,0
3.665585,0
3.682579,0
3.6991,0
3.71529,0
3.732193,0
3.748524,0
3.765263,0
3.782913,0
3.798733,0
3.815292,0
3.831825,0
3.848515,0
3.86499,0
3.881653,0
3.898132,0
3.914719,0
3.931301,0
3.948223,0
3.964584,0
3.981182,0
3.999462,0
4.01442,0
4.031609,0
4.04776,0
4.064106,0
4.080936,0
4.097557,0
4.114162,0
4.130669,0
4.14716,0
4.163788,0
4.180416,0
4.196983,0
4.21426,0
4.230251,0
4.246796,0
4.263336,0
4.279922,0
4.296551,0
4.313889,0
4.330502,0
4.346333,0
4.362854,0
4.379498,0
4.396053,0
4.412621,0
4.429852,0
4.445782,0
4.46236,0
4.479076,0
4.495605,0
4.512241,0
4.529221,0
4.545914,0
4.562351,0
4.578861,0
4.595955,0.0012
4.612473,0.002399961
4.629425,0.003599921
4.646111,0.004799882
4.661983,0.005999843
4.678749,0.005999843
4.695412,0.007199803
4.71209,0.008399764
4.728588,0.009599725
4.745117,0.01079969
4.761982,0.01199965
4.778339,0.01199965
4.795902,0.01319961
4.811714,0.01439957
4.828529,0.01559953
4.845177,0.01679949
4.862774,0.01799945
4.896427,0.01919941
4.912525,0.02039937
4.92918,0.02159933
4.945957,0.02279929
4.962444,0.02399926
4.979336,0.02399926
4.996372,0.02519922
5.012352,0.02639918
5.028973,0.02759914
5.04565,0.0287991
5.063229,0.02999906
5.079788,0.02999906
5.095745,0.03119902
5.112347,0.03239898
5.129055,0.03359894
5.145668,0.0347989
5.162395,0.03599886
5.178959,0.03599886
5.195614,0.03719882
5.212238,0.03839878
5.228828,0.03959874
5.245407,0.0407987
5.262421,0.04199866
5.280167,0.04319862
5.29554,0.04319862
5.312256,0.04439858
5.329105,0.04559854
5.345467,0.0467985
5.362209,0.04799847
5.378967,0.04799847
5.395657,0.04919843
5.412064,0.05039839
5.428829,0.05159835
5.446152,0.05279831
5.462036,0.05399827
5.478725,0.05399827
5.496349,0.05519823
5.511936,0.05639819
5.528637,0.05759815
5.54538,0.05879811
5.562096,0.05999807
5.578686,0.05999807
5.59594,0.06119803
5.612434,0.06239799
5.628574,0.06359796
5.645218,0.06479792
5.661938,0.06599788
5.678566,0.06599788
5.695164,0.06719784
5.712761,0.06839781
5.728676,0.06959777
5.745285,0.07079773
5.76194,0.07199769
5.778461,0.07199769
5.795254,0.07319765
5.812054,0.07439761
5.828365,0.07559757
5.845203,0.07679753
5.86235,0.07799749
5.878426,0.07799749
5.895073,0.07919745
5.911736,0.08039741
5.929096,0.08159737
5.944935,0.08279733
5.961353,0.08399729
5.978123,0.08399729
5.994938,0.08519726
6.011333,0.08639722
6.028488,0.08759718
6.044624,0.08879714
6.06115,0.0899971
6.078037,0.0899971
6.09465,0.09119706
6.111088,0.09239702
6.12785,0.09359698
6.145401,0.09479694
6.161121,0.0959969
6.177757,0.0959969
6.194981,0.09719686
6.210903,0.09839682
6.260998,0.1019967
6.277325,0.1019967
6.293964,0.1031967
6.310783,0.1043966
6.327427,0.1055966
6.34388,0.1067965
6.361507,0.1079965
6.377216,0.1079965
6.39389,0.1091965
6.410667,0.1103964
6.427296,0.1115964
6.444069,0.1127964
6.46027,0.1139963
6.477425,0.1139963
6.493664,0.1151963
6.51017,0.1163962
6.526913,0.1175962
6.543591,0.1187962
6.559875,0.1199961
6.577812,0.1199961
6.593281,0.1211961
6.610088,0.122396
6.626427,0.123596
6.643208,0.124796
6.659714,0.124796
6.676315,0.1259959
6.692955,0.1271959
6.70974,0.1283958
6.726048,0.1295958
6.742889,0.1307957
6.759312,0.1307957
6.775906,0.1319957
6.794014,0.1331957
6.809307,0.1343956
6.825691,0.1355956
6.842747,0.1367956
6.8592,0.1367956
6.875465,0.1379955
6.892063,0.1391955
6.908749,0.1403954
6.92519,0.1415954
6.941765,0.1427954
6.958328,0.1427954
6.97517,0.1439953
6.991646,0.1451953
7.009205,0.1463952
7.024681,0.1475952
7.041489,0.1487952
7.058014,0.1487952
7.074509,0.1499951
7.091148,0.1511951
7.107964,0.152395
7.124878,0.153595
7.141083,0.154795
7.157619,0.154795
7.174454,0.1559949
7.190655,0.1571949
7.207329,0.1583948
7.224648,0.1595948
7.240349,0.1607948
7.256886,0.1607948
7.273392,0.1619947
7.28989,0.1631947
7.306534,0.1643946
7.322948,0.1655946
7.339722,0.1655946
7.356194,0.1667946
7.372814,0.1679945
7.389309,0.1691945
7.405941,0.1703945
7.422401,0.1715944
7.440033,0.1727944
7.455601,0.1727944
7.472214,0.1739943
7.489422,0.1751943
7.506405,0.1763943
7.522961,0.1775942
7.539204,0.1775942
7.555897,0.1787942
7.572552,0.1799941
7.589142,0.1811941
7.639145,0.183594
7.656399,0.184794
7.672268,0.1859939
7.68877,0.1871939
7.705353,0.1883939
7.72229,0.1895938
7.739052,0.1895938
7.755405,0.1907938
7.771976,0.1919937
7.788536,0.1931937
7.805199,0.1943937
7.821575,0.1955936
7.838539,0.1955936
7.854774,0.1967936
7.872345,0.1979935
7.887611,0.1991935
7.90453,0.2003935
7.921463,0.2015934
7.938568,0.2015934
7.954918,0.2027934
7.971039,0.2039934
7.987926,0.2051933
8.004578,0.2063933
8.021698,0.2075932
8.03817,0.2075932
8.05505,0.2087932
8.072578,0.2099932
8.088482,0.2111931
8.10527,0.2123931
8.122032,0.213593
8.138649,0.213593
8.156544,0.214793
8.172401,0.215993
8.189125,0.2171929
8.205868,0.2183929
8.222271,0.2195928
8.239017,0.2195928
8.256062,0.2201928
8.274223,0.2207929
8.289165,0.221393
8.305828,0.2219931
8.322643,0.2225932
8.339138,0.2225932
8.355629,0.2231933
8.372154,0.2237934
8.388733,0.2243935
8.405399,0.2249936
8.422222,0.2255937
8.439655,0.2255937
8.455788,0.2261938
8.472439,0.2267939
8.490234,0.227394
8.506081,0.2279941
8.522846,0.2285942
8.53944,0.2285942
8.556007,0.2291943
8.572689,0.2297944
8.588921,0.2303945
8.605843,0.2309946
8.622265,0.2315947
8.638752,0.2315947
8.655865,0.2321948
8.672504,0.2327949
8.690304,0.233395
8.705799,0.2339951
8.72229,0.2345952
8.738937,0.2345952
8.755619,0.2351953
8.772018,0.2357954
8.788746,0.2363955
8.805523,0.2369956
8.822487,0.2375957
8.839062,0.2375957
8.855911,0.2381958
8.872555,0.2387959
8.890541,0.239396
8.906235,0.2399961
8.92263,0.2405962
8.939163,0.2405962
8.956112,0.2405963
8.988888,0.2405963
9.005066,0.2405963
9.021801,0.2405963
9.038685,0.2405963
9.055084,0.2405963
9.072456,0.2405963
9.088486,0.2405963
9.106205,0.2405963
9.122154,0.2405963
9.138775,0.2405963
9.156086,0.2405963
9.172211,0.2405963
9.189281,0.2405963
9.206039,0.2405963
9.222301,0.2405963
9.238945,0.2405963
9.255394,0.2405963
9.271992,0.2405963
9.289005,0.2405963
9.306499,0.2405963
9.322742,0.2405963
9.339592,0.2405963
9.356133,0.2405963
9.372322,0.2405963
9.389313,0.2405963
9.405361,0.2405963
9.422298,0.2405963
9.439026,0.2405963
9.455902,0.2405963
9.472668,0.2405963
9.489426,0.2405963
9.507214,0.2405963
9.522617,0.2405963
9.539494,0.2405963
9.555775,0.2405963
9.572327,0.2405963
9.58868,0.2405963
9.605881,0.2405963
9.621853,0.2405963
9.638527,0.2405963
9.65538,0.2405963
9.672058,0.2405963
9.689564,0.2405963
9.706364,0.2405963
9.722672,0.2405963
9.739212,0.2405963
9.755619,0.2405963
9.772175,0.2405963
9.788773,0.2405963
9.805382,0.2405963
9.821835,0.2405963
9.838402,0.2405963
9.855408,0.2405963
9.872082,0.2405963
9.888973,0.2405963
9.905838,0.2405963
9.923363,0.2405963
9.939171,0.2405963
9.956108,0.2405963
9.972984,0.2405963
9.989788,0.2405963
placeNum,1
isForward,True
0.01707077,0
0.03229904,0
0.04891205,0
0.06547546,0
0.08259201,0
0.09908295,0
0.1163521,0
0.1327744,0
0.1508598,0
0.1665268,0
0.1826553,0
0.1994324,0
0.2163353,0
0.2333298,0
0.2662277,0
0.2832718,0
0.2999992,0
0.3164482,0
0.3330994,0
0.3510246,0
0.3662071,0
0.382618,0
0.4002571,0
0.4157219,0
0.4325294,0
0.4488144,0
0.46558,0
0.4817924,0
0.4986572,0
0.5157433,0
0.5320663,0
0.5489769,0
0.5669518,0
0.5828705,0
0.5994072,0
0.6164742,0
0.6329956,0
0.6495399,0
0.6665039,0
0.6826019,0
0.7000504,0
0.7157249,0
0.7323265,0
0.748806,0
0.7653961,0
0.7829132,0
0.7986717,0
0.8156281,0
0.832058,0
0.8490219,0
0.8657722,0
0.8825874,0
0.8992081,0
0.9162331,0
0.9327507,0
0.9502869,0
0.9664001,0
0.9838219,0
1.000183,0
1.015808,0
1.032658,0
1.049446,0
1.066177,0
1.082935,0
1.099789,0
1.116066,0
1.132603,0
1.149158,0
1.165974,0
1.182198,0
1.200111,0
1.215397,0
1.232048,0
1.249104,0
1.265812,0
1.283222,0
1.299091,0
1.316124,0
1.333008,0
1.349152,0
1.365921,0
1.382423,0
1.399731,0
1.415321,0
1.431953,0
1.448952,0
1.465656,0
1.48251,0
1.499065,0
1.51561,0
1.532265,0
1.548698,0
1.56554,0
1.582512,0
1.633709,0
1.649384,0
1.666431,0
1.683319,0
1.700397,0
1.716988,0
1.733936,0
1.750729,0
1.767342,0
1.783928,0
1.801994,0
1.817741,0
1.834549,0
1.850578,0
1.867298,0
1.884247,0
1.900761,0
1.917542,0
1.934261,0
1.950672,0
1.967327,0
1.984062,0
2.001633,0
2.017323,0
2.03389,0
2.050812,0
2.06728,0
2.083935,0
2.10067,0
2.117458,0
2.134045,0
2.151394,0
2.167652,0
2.184525,0
2.201996,0
2.217632,0
2.234394,0
2.251099,0
2.267662,0
2.284958,0
2.301163,0
2.317978,0
2.335144,0
2.352371,0
2.368198,0
2.385025,0
2.402794,0
2.418343,0
2.435043,0
2.451916,0
2.468693,0
2.485409,0
2.502205,0
2.518944,0
2.535461,0
2.552437,0
2.569027,0
2.585911,0
2.60342,0
2.619247,0
2.636074,0
2.652996,0
2.66951,0
2.686298,0
2.703297,0
2.719963,0
2.736839,0
2.753353,0
2.770023,0
2.786518,0
2.804508,0
2.820065,0
2.83712,0
2.853615,0
2.869991,0
2.886803,0
2.90324,0
2.920193,0
2.936619,0
2.953354,0
3.0033,0
3.020718,0
3.036228,0
3.052914,0
3.06934,0
3.085949,0
3.102596,0
3.119324,0
3.135773,0
3.152924,0
3.169365,0
3.185516,0
3.202618,0
3.218475,0
3.236294,0
3.251511,0
3.268223,0
3.285465,0
3.301258,0
3.317902,0
3.334877,0
3.351036,0
3.367714,0
3.384205,0
3.401005,0
3.417393,0
3.433987,0
3.451515,0
3.467197,-0.0006
3.483486,-0.001200099
3.500332,-0.001800199
3.516815,-0.001800199
3.533501,-0.002400299
3.550007,-0.003000398
3.566769,-0.003600498
3.58329,-0.004200597
3.599957,-0.004800697
3.61684,-0.004800697
3.633583,-0.006000796
3.649864,-0.007200757
3.667847,-0.008400718
3.68298,-0.009600678
3.699905,-0.01080064
3.716175,-0.01080064
3.733067,-0.0120006
3.74918,-0.01320056
3.765873,-0.01440052
3.782459,-0.01560048
3.798977,-0.01560048
3.815361,-0.01680044
3.832027,-0.01800041
3.848907,-0.01920037
3.86562,-0.02040033
3.883434,-0.02160029
3.899147,-0.02160029
3.915443,-0.02280025
3.932182,-0.02400021
3.94862,-0.02520017
3.965225,-0.02640013
3.982193,-0.02760009
3.998871,-0.02760009
4.015823,-0.02880005
4.032391,-0.03000001
4.04945,-0.03119997
4.066006,-0.03239993
4.083553,-0.03359989
4.099064,-0.03359989
4.115475,-0.03479985
4.132099,-0.03599981
4.149334,-0.03719977
4.165726,-0.03839973
4.182701,-0.03959969
4.199673,-0.03959969
4.216274,-0.04079966
4.233021,-0.04199962
4.249176,-0.04319958
4.265968,-0.04439954
4.28278,-0.0455995
4.300278,-0.04679946
4.315914,-0.04679946
4.366116,-0.05039934
4.382458,-0.0515993
4.398865,-0.0515993
4.415833,-0.05279926
4.432461,-0.05399922
4.449203,-0.05519918
4.466091,-0.05639914
4.483105,-0.0575991
4.500465,-0.05879907
4.516197,-0.05879907
4.532612,-0.05999903
4.55022,-0.06119899
4.566071,-0.06239895
4.58252,-0.06359892
4.599258,-0.06359892
4.615639,-0.06479888
4.632298,-0.06599884
4.649189,-0.0671988
4.665802,-0.06839876
4.68277,-0.06959872
4.699402,-0.06959872
4.716736,-0.07079868
4.73246,-0.07199864
4.748795,-0.0731986
4.765675,-0.07439856
4.782475,-0.07559852
4.799446,-0.07559852
4.8162,-0.07679848
4.832836,-0.07799844
4.850185,-0.07919841
4.865738,-0.08039837
4.882805,-0.08159833
4.899334,-0.08159833
4.915989,-0.08279829
4.933319,-0.08399825
4.949394,-0.08519821
4.96627,-0.08639817
4.982872,-0.08759813
4.999588,-0.08759813
5.016197,-0.08879809
5.033146,-0.08999805
5.049767,-0.09119801
5.066978,-0.09239797
5.083282,-0.09359793
5.099941,-0.09479789
5.116741,-0.09479789
5.134441,-0.09599786
5.150295,-0.09719782
5.16687,-0.09839778
5.183773,-0.09959774
5.200432,-0.1007977
5.21722,-0.1007977
5.233597,-0.1019977
5.250557,-0.1031976
5.267151,-0.1043976
5.283829,-0.1055975
5.300636,-0.1067975
5.317631,-0.1067975
5.335091,-0.1079975
5.350933,-0.1091974
5.367588,-0.1103974
5.384274,-0.1115973
5.401188,-0.1127973
5.418015,-0.1127973
5.434509,-0.1139973
5.451313,-0.1151972
5.468231,-0.1163972
5.484634,-0.1175971
5.501354,-0.1187971
5.518349,-0.1187971
5.535904,-0.1199971
5.552025,-0.121197
5.568356,-0.122397
5.585224,-0.123597
5.602051,-0.1247969
5.618797,-0.1247969
5.635391,-0.1259969
5.652443,-0.1271968
5.669014,-0.1283968
5.686714,-0.1295967
5.702332,-0.1307967
5.719364,-0.1307967
5.738846,-0.1319967
5.752781,-0.1331966
5.769417,-0.1343966
5.786221,-0.1355965
5.803009,-0.1367965
5.819908,-0.1379965
5.836315,-0.1379965
5.853523,-0.1391964
5.870045,-0.1403964
5.887085,-0.1415963
5.90379,-0.1427963
5.920544,-0.1439963
5.938332,-0.1439963
5.953976,-0.1451962
5.9706,-0.1463962
5.987534,-0.1475962
6.004429,-0.1487961
6.020817,-0.1499961
6.037426,-0.1499961
6.05389,-0.151196
6.070477,-0.152396
6.087551,-0.153596
6.103981,-0.1547959
6.120766,-0.1559959
6.138062,-0.1559959
6.153919,-0.1571958
6.1703,-0.1583958
6.187511,-0.1595958
6.20414,-0.1607957
6.22068,-0.1619957
6.237755,-0.1619957
6.254692,-0.1631956
6.27108,-0.1643956
6.289192,-0.1655956
6.304859,-0.1667955
6.320621,-0.1679955
6.337421,-0.1679955
6.355534,-0.1691954
6.370892,-0.1703954
6.387138,-0.1715954
6.403858,-0.1727953
6.420181,-0.1739953
6.437119,-0.1739953
6.453571,-0.1751952
6.469891,-0.1763952
6.486958,-0.1775952
6.503551,-0.1787951
6.520596,-0.1799951
6.53709,-0.1799951
6.554607,-0.1811951
6.572567,-0.181795
6.587341,-0.1823951
6.60405,-0.1829952
6.620426,-0.1835953
6.636982,-0.1835953
6.653625,-0.1841954
6.67028,-0.1847955
6.687138,-0.1853956
6.703949,-0.1859957
6.721321,-0.1865958
6.737911,-0.1865958
6.754219,-0.1871959
6.771015,-0.187796
6.788242,-0.1883961
6.803715,-0.1889962
6.820126,-0.1895963
6.837189,-0.1895963
6.853767,-0.1901964
6.870842,-0.1907965
6.887665,-0.1913966
6.90411,-0.1919967
6.921124,-0.1925968
6.937271,-0.1925968
6.954445,-0.1931969
6.97105,-0.193797
6.988945,-0.1943971
7.00449,-0.1949972
7.020702,-0.1955973
7.037235,-0.1955973
7.054264,-0.1961974
7.0709,-0.1967975
7.087883,-0.1973976
7.1045,-0.1979977
7.121483,-0.1985978
7.13813,-0.1985978
7.154575,-0.1991979
7.171387,-0.199798
7.188404,-0.2003981
7.204338,-0.2009981
7.220783,-0.2015981
7.237335,-0.2015981
7.253887,-0.202198
7.270287,-0.202798
7.287411,-0.203398
7.303894,-0.203998
7.320873,-0.204598
7.337509,-0.204598
7.354549,-0.2051979
7.371151,-0.2057979
7.387615,-0.2063979
7.405106,-0.2069979
7.420639,-0.2075979
7.437374,-0.2075979
7.45369,-0.2081978
7.470596,-0.2087978
7.487694,-0.2093978
7.504234,-0.2099978
7.521023,-0.2105978
7.537846,-0.2105978
7.55405,-0.2111977
7.570736,-0.2117977
7.587051,-0.2123977
7.604122,-0.2129977
7.621101,-0.2135977
7.636757,-0.2135977
7.653885,-0.2141977
7.670303,-0.2147976
7.687222,-0.2153976
7.703911,-0.2159976
7.720901,-0.2165976
7.737564,-0.2165976
7.754787,-0.2171976
7.771404,-0.2177975
7.788151,-0.2183975
7.804962,-0.2189975
7.823414,-0.2195975
7.838623,-0.2195975
7.855255,-0.2201975
7.872066,-0.2207974
7.888897,-0.2213974
7.905602,-0.2219974
7.921875,-0.2225974
7.938618,-0.2225974
7.955219,-0.2231974
7.971592,-0.2237973
7.988125,-0.2243973
8.004749,-0.2249973
8.021141,-0.2255973
8.038792,-0.2255973
8.055664,-0.2261973
8.071541,-0.2267972
8.087856,-0.2273972
8.104881,-0.2279972
8.120819,-0.2285972
8.137814,-0.2285972
8.154343,-0.2291972
8.170815,-0.2297971
8.187366,-0.2303971
8.203762,-0.2309971
8.220058,-0.2315971
8.237038,-0.2315971
8.254929,-0.2321971
8.270649,-0.232797
8.287525,-0.233397
8.303959,-0.233997
8.320274,-0.234597
8.33691,-0.234597
8.353474,-0.235197
8.3699,-0.2357969
8.386951,-0.2363969
8.403656,-0.2369969
8.420624,-0.2375969
8.455414,-0.2381969
8.472225,-0.2387968
8.487762,-0.2393968
8.504444,-0.2399968
8.521564,-0.2405968
8.53756,-0.2405968
8.554394,-0.2411968
8.57056,-0.2417967
8.587063,-0.2423967
8.60363,-0.2429967
8.620365,-0.2435967
8.636795,-0.2435967
8.653461,-0.2441967
8.670151,-0.2447966
8.688148,-0.2453966
8.704094,-0.2459966
8.720558,-0.2465966
8.737877,-0.2465966
8.771599,-0.2477966
8.788258,-0.2483965
8.804943,-0.2483965
8.821678,-0.2483965
8.837982,-0.2483965
8.854858,-0.2483965
8.871525,-0.2483965
8.88929,-0.2483965
8.904636,-0.2483965
8.921417,-0.2483965
8.938126,-0.2483965
8.95459,-0.2483965
8.971386,-0.2483965
8.98761,-0.2483965
9.004444,-0.2483965
9.021637,-0.2483965
9.037849,-0.2483965
9.054955,-0.2483965
9.071526,-0.2483965
9.089409,-0.2483965
9.105019,-0.2483965
9.121601,-0.2483965
9.13813,-0.2483965
9.154613,-0.2483965
9.171074,-0.2483965
9.187454,-0.2483965
9.204037,-0.2483965
9.221188,-0.2483965
9.238022,-0.2483965
9.25481,-0.2483965
9.271301,-0.2483965
9.288303,-0.2483965
9.305862,-0.2483965
9.321953,-0.2483965
9.338879,-0.2483965
9.355526,-0.2483965
9.371685,-0.2483965
9.388077,-0.2483965
9.404724,-0.2483965
9.421627,-0.2483965
9.438148,-0.2483965
9.454727,-0.2483965
9.471325,-0.2483965
9.488232,-0.2483965
9.504822,-0.2483965
9.522675,-0.2483965
9.538559,-0.2483965
9.555374,-0.2483965
9.572041,-0.2483965
9.588406,-0.2483965
9.605198,-0.2483965
9.621586,-0.2483965
9.638393,-0.2483965
9.655277,-0.2483965
9.671677,-0.2483965
9.687798,-0.2483965
9.704262,-0.2483965
9.720818,-0.2483965
9.738411,-0.2483965
9.754005,-0.2483965
9.770664,-0.2483965
9.787579,-0.2483965
9.804245,-0.2483965
9.821209,-0.2483965
9.837902,-0.2483965
9.85495,-0.2483965
9.871479,-0.2483965
9.888676,-0.2483965
9.905163,-0.2483965
9.921673,-0.2483965
9.939789,-0.2483965
9.954548,-0.2483965
9.971256,-0.2483965
9.987595,-0.2483965
placeNum,0
isForward,False
0.01770782,0
0.03338623,0
0.04956055,0
0.06626892,0
0.08285522,0
0.09939575,0
0.1161804,0
0.1327286,0
0.1506805,0
0.1681671,0
0.1830368,0
0.1994934,0
0.2161865,0
0.2329788,0
0.2497482,0
0.2663727,0
0.2829819,0
0.3000412,0
0.3164673,0
0.3330154,0
0.3496857,0
0.3664322,0
0.3840103,0
0.399826,0
0.4165039,0
0.4331665,0
0.4500351,0
0.4666748,0
0.4833603,0
0.4999161,0
0.516655,0
0.5333481,0
0.5503464,0
0.5668411,0
0.584259,0
0.6003189,0
0.6175003,0
0.6337738,0
0.6501083,0
0.6668777,0
0.6835861,0
0.7001572,0
0.7170715,0
0.7338409,0
0.7502365,0
0.7672577,0
0.7846832,0
0.8003769,0
0.8172684,0
0.8338013,0
0.8506851,0
0.8672714,0
0.8839569,0
0.9005737,0
0.9173737,0
0.9339447,0
0.9507599,0
0.9672165,0
0.9840012,0
1.001808,0
1.017403,0
1.034073,0
1.050735,0
1.067352,0
1.084152,0
1.100784,0
1.117531,0
1.134239,0
1.150879,0
1.167793,0
1.184418,0
1.202286,0
1.218025,0
1.23452,0
1.251587,0
1.267502,0
1.284332,0
1.301147,0
1.318329,0
1.334518,0
1.351257,0
1.36792,0
1.384598,0
1.402077,0
1.417961,0
1.434677,0
1.451317,0
1.467888,0
1.484886,0
1.501366,0
1.518173,0
1.534843,0
1.551659,0
1.568199,0
1.586029,0
1.60302,0
1.618347,0
1.635117,0
1.651894,0
1.668594,0
1.685326,0
1.702011,0
1.718727,0
1.735313,0
1.752426,0
1.768829,0
1.785553,0
1.802185,0
1.820023,0
1.835793,0
1.852531,0
1.869286,0
1.885986,0
1.902641,0
1.91954,0
1.936172,0
1.952934,0
1.96965,0
1.986488,0
2.003143,0
2.021133,0
2.036568,0
2.053543,0
2.070145,0
2.086868,0
2.104042,0
2.120308,0
2.136841,0
2.153664,0
2.170357,0
2.186958,0
2.203804,0
2.221474,0
2.237404,0
2.254128,0
2.270691,0
2.287666,0
2.304314,0
2.321121,0
2.33786,0
2.354713,0
2.371315,0
2.388,0
2.404755,0
2.422523,0
2.438255,0
2.454857,0
2.471649,0
2.48893,0
2.505249,0
2.521973,0
2.538734,0
2.555382,0
2.572159,0
2.588837,0
2.605652,0
2.623466,0
2.639473,0
2.656082,0
2.673035,0
2.689972,0
2.706932,0
2.723526,0
2.741341,0
2.757225,0
2.773582,0
2.790787,0
2.807068,0
2.824234,0
2.840096,0
2.856636,0
2.873085,0
2.889854,0
2.906609,0
2.923225,0
2.939796,0
2.956589,0
2.973343,0
2.990387,0
3.007027,0
3.024147,0
3.041161,0
3.057068,0
3.073792,0
3.090202,0
3.10704,0
3.12384,0
3.140068,0
3.15654,0
3.172752,0
3.189545,0
3.205841,0
3.222832,0
3.239594,0
3.257454,0
3.273117,0
3.290321,0
3.30658,0
3.323364,0
3.340057,0
3.357025,0
3.373642,0
3.390419,0
3.407059,0
3.424042,0
3.441315,0
3.458626,0
3.473686,0
3.490509,0
3.506775,0
3.523186,0
3.539886,0
3.556183,0
3.572823,0
3.589722,0
3.606598,0
3.623039,0
3.640106,0
3.65696,0
3.674767,0
3.690842,0
3.70723,0
3.723457,0
3.740417,0
3.757164,0
3.773102,0
3.789436,0
3.806046,0
3.823402,0
3.839767,0
3.856575,0
3.873596,0
3.891281,0
3.906876,0
3.941505,0
3.957672,0
3.974213,0
3.99073,0
4.007576,0
4.024475,0
4.040718,0
4.057381,0
4.07386,0
4.091316,0
4.107063,0
4.123375,0
4.140282,0
4.156761,0
4.173546,0
4.189713,0
4.20636,0
4.223709,0
4.240082,0
4.256393,0
4.273392,0
4.29026,0
4.308777,0
4.323166,0
4.339874,0
4.356743,0
4.373901,0
4.390388,0
4.406906,0
4.42421,0
4.440643,0
4.457031,0
4.473618,0
4.490799,0
4.508614,0
4.523567,0
4.541176,0
4.557213,0
4.573761,0
4.591377,0
4.607086,0
4.623291,0
4.640221,0
4.65654,0
4.673073,0
4.68956,0
4.706245,0
4.723923,0
4.739632,0
4.756516,0
4.772804,0
4.789635,0
4.806061,0
4.823662,0
4.83934,0
4.856087,0
4.872826,0
4.889572,0
4.906166,0
4.922676,0
4.940063,0
4.955856,0
4.972549,0
4.98925,0
5.005768,0
5.022446,0
5.039238,0
5.055771,0
5.072357,0
5.089218,0
5.105682,0
5.122307,0
5.13903,0
5.156723,0
5.172226,0
5.189438,0
5.205399,0
5.222076,0
5.238861,0
5.255661,0
5.272194,0
5.322105,0
5.338455,0
5.355301,0
5.373055,0
5.388344,0
5.40509,0
5.422058,0
5.438416,0
5.454964,0
5.471794,0
5.489021,0
5.505211,0
5.521637,0
5.538185,0
5.554848,0
5.571556,0
5.589119,0
5.604561,0
5.621178,0
5.637962,0
5.654579,0
5.671143,0
5.687859,0
5.704483,0
5.721039,0
5.737625,0
5.754433,0
5.770981,0
5.787819,0
5.806114,0
5.821167,0
5.83773,0
5.854446,0
5.871033,0
5.887489,0
5.904312,0
5.920853,0
5.93734,0
5.954048,0
5.970718,0
5.987373,0
6.003929,0
6.021477,0
6.03701,0
6.053719,0
6.070335,0
6.087311,0
6.10376,0
6.120224,0
6.137108,0
6.153259,0.0012
6.170013,0.002399961
6.186523,0.003599921
6.203163,0.004799882
6.219818,0.005999843
6.237358,0.007199803
6.252739,0.007199803
6.269844,0.008399764
6.286194,0.009599725
6.302986,0.01079969
6.319374,0.01199965
6.335922,0.01199965
6.352745,0.01319961
6.369537,0.01439957
6.386078,0.01559953
6.40287,0.01679949
6.419273,0.01799945
6.43605,0.01799945
6.453239,0.01919941
6.468765,0.02039937
6.485268,0.02159933
6.502541,0.02279929
6.518578,0.02399926
6.535248,0.02399926
6.552147,0.02519922
6.568558,0.02639918
6.584938,0.02759914
6.601357,0.0287991
6.618141,0.02999906
6.634628,0.02999906
6.684135,0.03359894
6.701668,0.0347989
6.717163,0.0347989
6.733925,0.03599886
6.750465,0.03719882
6.767143,0.03839878
6.784187,0.03959874
6.800735,0.0407987
6.817284,0.04199866
6.834,0.04199866
6.85054,0.04319862
6.867043,0.04439858
6.883942,0.04559854
6.900192,0.0467985
6.917435,0.04799847
6.933159,0.04799847
6.949905,0.04919843
6.966194,0.05039839
6.982704,0.05159835
6.999481,0.05279831
7.015808,0.05279831
7.03257,0.05399827
7.049126,0.05519823
7.06559,0.05639819
7.082069,0.05759815
7.098778,0.05879811
7.115921,0.05879811
7.133202,0.05999807
7.149178,0.06119803
7.166054,0.06239799
7.182739,0.06359796
7.199532,0.06479792
7.215889,0.06479792
7.233215,0.06599788
7.249123,0.06719784
7.265915,0.06839781
7.282387,0.06959777
7.29895,0.07079773
7.315666,0.07079773
7.332542,0.07199769
7.350349,0.07319765
7.365906,0.07439761
7.383362,0.07559757
7.399994,0.07679753
7.415871,0.07679753
7.432663,0.07799749
7.448975,0.07919745
7.465584,0.08039741
7.48217,0.08159737
7.498825,0.08279733
7.515259,0.08279733
7.531868,0.08399729
7.548798,0.08519726
7.567276,0.08639722
7.582298,0.08759718
7.598915,0.08879714
7.615982,0.08879714
7.632561,0.0899971
7.649597,0.09119706
7.66613,0.09239702
7.683029,0.09359698
7.699883,0.09479694
7.716148,0.09479694
7.732712,0.0959969
7.749191,0.09719686
7.7668,0.09839682
7.782219,0.09959678
7.798843,0.1007967
7.815857,0.1007967
7.831963,0.1019967
7.849045,0.1031967
7.865593,0.1043966
7.882614,0.1055966
7.899261,0.1067965
7.916054,0.1067965
7.932838,0.1079965
7.949295,0.1091965
7.966682,0.1103964
7.982925,0.1115964
7.999481,0.1121963
8.048744,0.1133965
8.06543,0.1145967
8.081825,0.1157966
8.098427,0.1169966
8.115395,0.1169966
8.132088,0.1181965
8.149132,0.1193965
8.165695,0.1205965
8.183571,0.1217964
8.199203,0.1229964
8.21582,0.1229964
8.232254,0.1241963
8.248825,0.1253963
8.265312,0.1265962
8.282478,0.1277962
8.298958,0.1289962
8.31591,0.1289962
8.332497,0.1301961
8.349487,0.1313961
8.366104,0.132596
8.38356,0.133796
8.399384,0.134996
8.416542,0.134996
8.433014,0.1361959
8.448959,0.1373959
8.465782,0.1385958
8.482193,0.1397958
8.498482,0.1409958
8.515755,0.1409958
8.53228,0.1421957
8.549995,0.1433957
8.565887,0.1445957
8.582657,0.1457956
8.600243,0.1469956
8.615799,0.1469956
8.632645,0.1481955
8.648811,0.1493955
8.665504,0.1505955
8.681976,0.1517954
8.698631,0.1529954
8.715599,0.1529954
8.732224,0.1541953
8.749138,0.1553953
8.765915,0.1565953
8.782593,0.1577952
8.799438,0.1589952
8.816833,0.1589952
8.832253,0.1601951
8.849266,0.1613951
8.8657,0.1625951
8.881989,0.163795
8.899094,0.164995
8.915627,0.164995
8.932243,0.1661949
8.94915,0.1673949
8.965843,0.1685949
8.982475,0.1697948
8.999115,0.1709948
9.015457,0.1709948
9.033157,0.1721947
9.048607,0.1733947
9.065475,0.1745947
9.08213,0.1757946
9.098587,0.1769946
9.115273,0.1769946
9.132088,0.1781946
9.148773,0.1793945
9.16539,0.1805945
9.182007,0.1817944
9.199409,0.1817944
9.215851,0.1817944
9.232994,0.1817944
9.248688,0.1817944
9.265442,0.1817944
9.281975,0.1817944
9.29866,0.1817944
9.31514,0.1817944
9.332062,0.1817944
9.348679,0.1817944
9.36528,0.1817944
9.381966,0.1817944
9.399376,0.1817944
9.415298,0.1817944
9.431885,0.1817944
9.449623,0.1817944
9.465294,0.1817944
9.481918,0.1817944
9.498642,0.1817944
9.515533,0.1817944
9.531998,0.1817944
9.549377,0.1817944
9.565987,0.1817944
9.581863,0.1817944
9.598572,0.1817944
9.615417,0.1817944
9.632141,0.1817944
9.649368,0.1817944
9.665375,0.1817944
9.682068,0.1817944
9.699005,0.1817944
9.715286,0.1817944
9.732124,0.1817944
9.748611,0.1817944
9.765358,0.1817944
9.781937,0.1817944
9.798691,0.1817944
9.815193,0.1817944
9.83194,0.1817944
9.84874,0.1817944
9.866684,0.1817944
9.882202,0.1817944
9.898895,0.1817944
9.915482,0.1817944
9.932152,0.1817944
9.948845,0.1817944
9.965324,0.1817944
9.982521,0.1817944
9.998779,0.1817944
placeNum,1
isForward,True
0.01860809,0
0.03339386,0
0.05033112,0
0.0670929,0
0.08389282,0
0.1006241,0
0.1172791,0
0.1353683,0
0.1504211,0
0.1672897,0
0.1837234,0
0.2019958,0
0.2178802,0
0.2498856,0
0.2668228,0
0.2831268,0
0.3001556,0
0.3164749,0
0.3332138,0
0.3509216,0
0.3668594,0
0.3833618,0
0.4001389,0
0.4169235,0
0.4338837,0
0.4508514,0
0.4667435,0
0.4833755,0
0.5000992,0
0.5163956,0
0.5332336,0
0.5507813,0
0.566597,0
0.5831833,0
0.599617,0
0.6161728,0
0.6328964,0
0.6492386,0
0.6658096,0
0.6832047,0
0.6998978,0
0.7164993,0
0.7332306,0
0.7508774,0
0.7667923,0
0.7836151,0
0.8003922,0
0.817337,0
0.8338318,0
0.850174,0
0.8671036,0
0.8834381,0
0.9000397,0
0.9165573,0
0.9330978,0
0.9494705,0
0.9670868,0
0.9832764,0
0.9999313,0
1.017464,0
1.034019,0
1.050224,0
1.066872,0
1.083359,0
1.100006,0
1.116455,0
1.133232,0
1.149841,0
1.167244,0
1.182693,0
1.199348,0
1.216393,0
1.232925,0
1.249992,0
1.266609,0
1.283318,0
1.300064,0
1.316933,0
1.333549,0
1.350449,0
1.367981,0
1.383415,0
1.400368,0
1.416557,0
1.433212,0
1.449638,0
1.466339,0
1.48259,0
1.499756,0
1.51593,0
1.532364,0
1.549004,0
1.565636,0
1.583466,0
1.615799,0
1.632515,0
1.649368,0
1.666046,0
1.682907,0
1.69973,0
1.716995,0
1.733498,0
1.750099,0
1.766876,0
1.784615,0
1.800514,0
1.816948,0
1.833366,0
1.849915,0
1.866714,0
1.882957,0
1.899666,0
1.916061,0
1.93261,0
1.949249,0
1.965897,0
1.982841,0
2.00042,0
2.016647,0
2.03363,0
2.04995,0
2.066521,0
2.083862,0
2.10006,0
2.117073,0
2.133507,0
2.149879,0
2.166603,0
2.183113,0
2.200363,0
2.216125,0
2.232613,0
2.249161,0
2.265884,0
2.282585,0
2.299446,0
2.316414,0
2.333466,0
2.350632,0
2.367104,0
2.383484,0
2.400841,0
2.417107,0
2.433548,0
2.450539,0
2.467155,0
2.483589,0
2.500427,0
2.516693,0
2.533371,0
2.549721,0
2.566849,0
2.58287,0
2.599464,0
2.616814,0
2.632721,0
2.649452,0
2.666183,0
2.683098,0
2.699699,0
2.716751,0
2.733475,0
2.750374,0
2.767059,0
2.783821,0
2.800636,0
2.818062,0
2.833794,0
2.849953,0
2.866829,0
2.883064,0
2.899971,0
2.916077,0
2.932838,0
2.949875,0
2.982994,0
3.000832,0
3.017395,0
3.033699,0
3.050232,0
3.066963,0
3.083878,0
3.100655,0
3.11702,0
3.133774,0
3.150154,0
3.166748,0
3.183182,0
3.200089,0
3.216217,0
3.233673,0
3.249283,0
3.266487,0
3.283058,0
3.300171,0
3.31662,0
3.333275,0
3.350571,0
3.366638,0
3.383621,0
3.400238,0
3.41732,0
3.434715,0
3.450272,0
3.466858,0
3.483299,0
3.500008,0
3.516449,0
3.533409,0
3.550102,-0.0012
3.566612,-0.002399961
3.583412,-0.003599921
3.599998,-0.003599921
3.61673,-0.004799882
3.633896,-0.005999843
3.650719,-0.007199803
3.666801,-0.008399764
3.683548,-0.009599725
3.700302,-0.009599725
3.716751,-0.01079969
3.733398,-0.01199965
3.749969,-0.01319961
3.766525,-0.01439957
3.782913,-0.01559953
3.799599,-0.01559953
3.815857,-0.01679949
3.83252,-0.01799945
3.849586,-0.01919941
3.867058,-0.02039937
3.883163,-0.02159933
3.900131,-0.02159933
3.917488,-0.02279929
3.933327,-0.02399926
3.950546,-0.02519922
3.966972,-0.02639918
3.983719,-0.02759914
4.000381,-0.02759914
4.017097,-0.0287991
4.033493,-0.02999906
4.049934,-0.03119902
4.067467,-0.03239898
4.083054,-0.03359894
4.099663,-0.03359894
4.116631,-0.0347989
4.13327,-0.03599886
4.150307,-0.03719882
4.166939,-0.03839878
4.183739,-0.03959874
4.200447,-0.03959874
4.216789,-0.0407987
4.23349,-0.04199866
4.250046,-0.04319862
4.267853,-0.04439858
4.282867,-0.04559854
4.299789,-0.04559854
4.351181,-0.04919843
4.36705,-0.05039839
4.384132,-0.05159835
4.400719,-0.05159835
4.417603,-0.05279831
4.434105,-0.05399827
4.451019,-0.05519823
4.468384,-0.05639819
4.484581,-0.05759815
4.500648,-0.05759815
4.517212,-0.05819811
4.53389,-0.05879821
4.550797,-0.05939831
4.567581,-0.06059841
4.58387,-0.06179837
4.600945,-0.06179837
4.616913,-0.06299833
4.633507,-0.0641983
4.650017,-0.06539826
4.666733,-0.06659822
4.68383,-0.06779818
4.69989,-0.06779818
4.716179,-0.06899814
4.732964,-0.0701981
4.749428,-0.07139806
4.766121,-0.07259803
4.783173,-0.07379799
4.799622,-0.07379799
4.816284,-0.07499795
4.833084,-0.07619791
4.849838,-0.07739787
4.866829,-0.07859783
4.884438,-0.07979779
4.900307,-0.07979779
4.916893,-0.08099775
4.93364,-0.08219771
4.950584,-0.08339767
4.967239,-0.08459763
4.983765,-0.08579759
5.000168,-0.08579759
5.016724,-0.08699755
5.033318,-0.08819751
5.049805,-0.08939748
5.06646,-0.09059744
5.083061,-0.0917974
5.100296,-0.0917974
5.115944,-0.09299736
5.132599,-0.09419732
5.149529,-0.09539728
5.166183,-0.09659724
5.183304,-0.0977972
5.200653,-0.0977972
5.216759,-0.09899716
5.233452,-0.1001971
5.250511,-0.1013971
5.267021,-0.102597
5.284248,-0.103797
5.301743,-0.103797
5.317764,-0.104997
5.334595,-0.1061969
5.35215,-0.1073969
5.368195,-0.1085968
5.385002,-0.1097968
5.401581,-0.1097968
5.418289,-0.1109968
5.434883,-0.1121967
5.451996,-0.1133967
5.468552,-0.1145967
5.485352,-0.1157966
5.503372,-0.1169966
5.51873,-0.1169966
5.535133,-0.1181965
5.551743,-0.1193965
5.568214,-0.1205965
5.584869,-0.1217964
5.601547,-0.1217964
5.618538,-0.1229964
5.634911,-0.1241963
5.651505,-0.1253963
5.668259,-0.1265962
5.684914,-0.1277962
5.701561,-0.1277962
5.719025,-0.1289962
5.734962,-0.1301961
5.751434,-0.1313961
5.768311,-0.132596
5.785034,-0.133796
5.802162,-0.134996
5.818138,-0.134996
5.834915,-0.1361959
5.851494,-0.1373959
5.86821,-0.1385958
5.884979,-0.1397958
5.901642,-0.1397958
5.919167,-0.1409958
5.934891,-0.1421957
5.951546,-0.1433957
5.968376,-0.1445957
5.984924,-0.1457956
6.001701,-0.1457956
6.01889,-0.1469956
6.034996,-0.1481955
6.051857,-0.1493955
6.06855,-0.1505955
6.085205,-0.1517954
6.101959,-0.1529954
6.119614,-0.1529954
6.135422,-0.1541953
6.152214,-0.1553953
6.168999,-0.1565953
6.185722,-0.1577952
6.202377,-0.1589952
6.219185,-0.1589952
6.235809,-0.1601951
6.252785,-0.1613951
6.269585,-0.1625951
6.286278,-0.163795
6.302872,-0.164995
6.320656,-0.164995
6.336479,-0.1661949
6.354111,-0.1673949
6.36972,-0.1685949
6.386925,-0.1697948
6.40329,-0.1709948
6.420486,-0.1709948
6.436966,-0.1721947
6.453735,-0.1733947
6.470467,-0.1745947
6.487465,-0.1757946
6.503853,-0.1769946
6.521919,-0.1781946
6.53788,-0.1781946
6.554893,-0.1781945
6.571304,-0.1781945
6.588295,-0.1781945
6.604973,-0.1781945
6.622124,-0.1781945
6.63903,-0.1781945
6.655029,-0.1781945
6.671944,-0.1781945
6.68885,-0.1781945
6.70575,-0.1781945
6.722908,-0.1781945
6.738884,-0.1781945
6.755928,-0.1781945
6.772438,-0.1781945
6.789261,-0.1781945
6.805939,-0.1781945
6.822769,-0.1781945
6.838989,-0.1781945
6.855728,-0.1781945
6.872299,-0.1781945
6.888832,-0.1781945
6.905174,-0.1781945
6.921768,-0.1781945
6.939156,-0.1781945
6.955101,-0.1781945
6.971725,-0.1781945
6.988914,-0.1781945
7.005318,-0.1781945
7.022141,-0.1781945
7.072197,-0.1781945
7.08889,-0.1781945
7.10569,-0.1781945
7.12252,-0.1781945
7.139893,-0.1781945
7.155846,-0.1781945
7.172577,-0.1781945
7.189392,-0.1781945
7.206139,-0.1781945
7.223091,-0.1781945
7.239731,-0.1781945
7.256699,-0.1781945
7.272484,-0.1781945
7.289238,-0.1781945
7.305923,-0.1781945
7.322655,-0.1781945
7.33989,-0.1781945
7.355789,-0.1781945
7.372459,-0.1781945
7.389084,-0.1781945
7.405708,-0.1781945
7.422218,-0.1781945
7.438774,-0.1781945
7.455521,-0.1781945
7.47187,-0.1781945
7.488304,-0.1781945
7.504997,-0.1781945
7.521988,-0.1781945
7.537971,-0.1781945
7.556076,-0.1781945
7.572342,-0.1781945
7.588348,-0.1781945
7.604744,-0.1781945
7.621323,-0.1781945
7.637955,-0.1781945
7.654327,-0.1781945
7.670959,-0.1781945
7.687492,-0.1781945
7.704086,-0.1781945
7.720413,-0.1781945
7.737175,-0.1781945
7.75412,-0.1781945
7.771362,-0.1781945
7.78717,-0.1781945
7.803688,-0.1781945
7.82003,-0.1781945
7.836937,-0.1781945
7.854691,-0.1781945
7.871033,-0.1781945
7.887741,-0.1781945
7.904129,-0.1781945
7.920929,-0.1781945
7.937607,-0.1781945
7.953964,-0.1781945
7.970825,-0.1781945
7.987854,-0.1781945
8.003601,-0.1781945
8.020576,-0.1781945
8.036781,-0.1781945
8.053879,-0.1781945
8.070412,-0.1781945
8.087357,-0.1781945
8.104019,-0.1781945
8.120979,-0.1781945
8.137634,-0.1781945
8.154533,-0.1781945
8.170525,-0.1781945
8.187119,-0.1781945
8.205307,-0.1781945
8.220032,-0.1781945
8.236877,-0.1781945
8.25399,-0.1781945
8.270447,-0.1781945
8.287521,-0.1781945
8.304199,-0.1781945
8.321167,-0.1781945
8.337952,-0.1781945
8.354858,-0.1781945
8.371254,-0.1781945
8.387749,-0.1781945
8.405296,-0.1781945
8.437019,-0.1781945
8.45356,-0.1781945
8.47007,-0.1781945
8.486412,-0.1781945
8.50325,-0.1781945
8.520538,-0.1781945
8.537094,-0.1781945
8.553772,-0.1781945
8.570259,-0.1781945
8.586975,-0.1781945
8.603775,-0.1781945
8.621635,-0.1781945
8.637474,-0.1781945
8.653778,-0.1781945
8.670349,-0.1781945
8.686859,-0.1781945
8.703522,-0.1781945
8.72052,-0.1781945
8.738724,-0.1781945
8.754524,-0.1781945
8.77092,-0.1781945
8.788422,-0.1781945
8.804741,-0.1781945
8.821945,-0.1781945
8.837776,-0.1781945
8.854355,-0.1781945
8.87011,-0.1781945
8.887138,-0.1781945
8.903893,-0.1781945
8.920639,-0.1781945
8.937241,-0.1781945
8.953857,-0.1781945
8.970375,-0.1781945
8.987175,-0.1781945
9.004234,-0.1781945
9.021248,-0.1781945
9.038315,-0.1781945
9.05426,-0.1781945
9.070885,-0.1781945
9.087097,-0.1781945
9.103958,-0.1781945
9.120087,-0.1781945
9.136833,-0.1781945
9.154213,-0.1781945
9.17038,-0.1781945
9.188728,-0.1781945
9.204178,-0.1781945
9.22049,-0.1781945
9.23761,-0.1781945
9.255585,-0.1781945
9.27063,-0.1781945
9.287064,-0.1781945
9.304871,-0.1781945
9.322296,-0.1781945
9.343521,-0.1781945
9.35405,-0.1781945
9.37294,-0.1781945
9.387459,-0.1781945
9.403564,-0.1781945
9.420433,-0.1781945
9.436806,-0.1781945
9.454376,-0.1781945
9.471527,-0.1781945
9.488541,-0.1781945
9.504456,-0.1781945
9.522377,-0.1781945
9.538322,-0.1781945
9.55571,-0.1781945
9.571648,-0.1781945
9.589188,-0.1781945
9.605911,-0.1781945
9.621712,-0.1781945
9.638145,-0.1781945
9.655205,-0.1781945
9.672112,-0.1781945
9.68927,-0.1781945
9.705376,-0.1781945
9.72274,-0.1781945
9.738976,-0.1781945
9.75489,-0.1781945
9.788223,-0.1781945
9.805908,-0.1781945
9.822266,-0.1781945
9.838417,-0.1781945
9.855354,-0.1781945
9.872025,-0.1781945
9.888168,-0.1781945
9.905014,-0.1781945
9.922432,-0.1781945
9.938339,-0.1781945
9.95562,-0.1781945
9.971916,-0.1781945
9.989914,-0.1781945
